record_id,subject_id,externalid,groupid,device_type,signal_type,source_file,source_path,record_time_raw,record_time,native_fs,unit,duration_sec,lead_or_channel_info,parse_status,quality_status,quality_reason,pair_status,paired_d12_record_id,pair_reason,uniqueid,healthid,recordschema,sample_count,qc_status,qc_reason,qc_checks
ECG_2bca77900ae6ad,HNU11076,HNU11076,b2d99eb00d014cd380a64809a598ffce,watch,ecg,ecg-1784972597335-a555d856b75748e1bc1f156e1242d1d1.zip,Data/ECG/ecg-1784972597335-a555d856b75748e1bc1f156e1242d1d1.zip,2026/7/25 17:43,2026-07-25 17:43:00,10,μV,5.901,single lead,ok,review,duration <30 sec,paired_exact_subject_id,d12_1812635abce179,exact HNU matches one d12 record,efb4c4a69e9943008fecac44121b4b9b,e9ccb37ba6514cd08242f26c737843e1,1,3000,review,duration <30 sec,"parse,timestamp,gap,duration,constant,NaN/Inf"
ECG_cf0321d57c227c,HNU11054,HNU11054,e6c8b93b483c4dd0b18c728b5a29df2f,watch,ecg,ecg-1784859850544-0aa0c4aeec5b46f1bb9342c82f7df79e.zip,Data/ECG/ecg-1784859850544-0aa0c4aeec5b46f1bb9342c82f7df79e.zip,2026/7/24 10:22,2026-07-24 10:22:00,10,μV,117.42,single lead,ok,review,obvious time gaps: 1,paired_exact_subject_id,d12_3fdafd49fbef07,exact HNU matches one d12 record,e18a3d8e361941059a524def6da564a0,d4cf9873428c45c385b0575241c093e2,1,57650,review,obvious time gaps: 1,"parse,timestamp,gap,duration,constant,NaN/Inf"
ECG_6d86d726e6d567,HNU11076,HNU11076,449ba868e8a74ef899ae01c499086890,watch,ecg,ecg-1785401656474-9cd9b0a258a942998ebf3c7b4d0ef662.zip,Data/ECG/ecg-1785401656474-9cd9b0a258a942998ebf3c7b4d0ef662.zip,2026/7/30 16:54,2026-07-30 16:54:00,10,μV,10.901,single lead,ok,review,duration <30 sec,paired_exact_subject_id,d12_1812635abce179,exact HNU matches one d12 record,d70be159390d4831912afc71e6d84696,e9ccb37ba6514cd08242f26c737843e1,1,5500,review,duration <30 sec,"parse,timestamp,gap,duration,constant,NaN/Inf"
ECG_e5823131908678,HNU11002,HNU11002,ac0ae620ac4d4e1593981bd24605a34f,watch,ecg,ecg-1784624223155-79e653b8a9df4adfb1daac7936226d02.zip,Data/ECG/ecg-1784624223155-79e653b8a9df4adfb1daac7936226d02.zip,2026/7/21 16:56,2026-07-21 16:56:00,10,μV,6.5,single lead,ok,review,duration <30 sec,paired_exact_subject_id,d12_0100000d4f7822,exact HNU matches one d12 record,ac3d4daee86740e19b240a6246c5fb74,d4cf9873428c45c385b0575241c093e2,1,3300,review,duration <30 sec,"parse,timestamp,gap,duration,constant,NaN/Inf"
ECG_7d4d6b80f62fb3,HNU11076,HNU11076,3b173a0cb89c465293197e46402b11b6,watch,ecg,ecg-1784972686726-5832ce8c4ae84e28af91d3546bea07d7.zip,Data/ECG/ecg-1784972686726-5832ce8c4ae84e28af91d3546bea07d7.zip,2026/7/25 17:43,2026-07-25 17:43:00,10,μV,82.408,single lead,ok,review,duration 30-90 sec,paired_exact_subject_id,d12_1812635abce179,exact HNU matches one d12 record,a0b850aae0da440590049ea58619bec4,e9ccb37ba6514cd08242f26c737843e1,1,41250,review,duration 30-90 sec,"parse,timestamp,gap,duration,constant,NaN/Inf"
ECG_4900effd91b349,HNU11101,HNU11101,65726b2dffb44762b38af28e64a08e3a,watch,ecg,ecg-1785229083953-f87bf61dd6734e2ca7390137a0c1867b.zip,Data/ECG/ecg-1785229083953-f87bf61dd6734e2ca7390137a0c1867b.zip,2026/7/28 16:56,2026-07-28 16:56:00,10,μV,75.961,single lead,ok,review,duration 30-90 sec,paired_exact_subject_id,d12_1ec9cee338b2b9,exact HNU matches one d12 record,8fc788d56d7c4e6d896e9727c78cca90,e9ccb37ba6514cd08242f26c737843e1,1,37850,review,duration 30-90 sec,"parse,timestamp,gap,duration,constant,NaN/Inf"
ECG_8293a25e9c2e72,HNU11076,HNU11076,e1c1a1df51364f2f8c67c5284f661b34,watch,ecg,ecg-1785401630706-7542a974f8ec4e98a5e4052161f77dbc.zip,Data/ECG/ecg-1785401630706-7542a974f8ec4e98a5e4052161f77dbc.zip,2026/7/30 16:53,2026-07-30 16:53:00,10,μV,10.001,single lead,ok,review,duration <30 sec,paired_exact_subject_id,d12_1812635abce179,exact HNU matches one d12 record,8f28e0bd6ce94d1683b5e094040e8e37,e9ccb37ba6514cd08242f26c737843e1,1,5050,review,duration <30 sec,"parse,timestamp,gap,duration,constant,NaN/Inf"
ECG_074037aa95976e,HNU11003,HNU11003,40947543d2524af89db001c24104ad32,watch,ecg,ecg-1784710211452-4db88546b94e4fd69ccb6e33c2325561.zip,Data/ECG/ecg-1784710211452-4db88546b94e4fd69ccb6e33c2325561.zip,2026/7/22 16:50,2026-07-22 16:50:00,10,μV,1.2,single lead,ok,review,duration <30 sec,paired_exact_subject_id,d12_2a478d28d88149,exact HNU matches one d12 record,8370c8b371eb4b6788bbab1e9a3fdea3,d4cf9873428c45c385b0575241c093e2,1,650,review,duration <30 sec,"parse,timestamp,gap,duration,constant,NaN/Inf"
ECG_8636ad2f602e70,HNU11077,HNU11077,b45e0bb8459c4bf28fb126bead140831,watch,ecg,ecg-1784972955530-ed30095b17eb49c4a990c4eac31a5528.zip,Data/ECG/ecg-1784972955530-ed30095b17eb49c4a990c4eac31a5528.zip,2026/7/25 17:48,2026-07-25 17:48:00,10,μV,16.902,single lead,ok,review,duration <30 sec,paired_exact_subject_id,d12_beca710ccb8308,exact HNU matches one d12 record,7f8999ed9e2c4b9ea3d5cf35a8a4bac5,e9ccb37ba6514cd08242f26c737843e1,1,8500,review,duration <30 sec,"parse,timestamp,gap,duration,constant,NaN/Inf"
ECG_a522877b2a6520,A51,A51,169dee2eb14442499473375e1e93c4d5,watch,ecg,ecg-1784614966853-dbcd12a5609843a5a20f55cac491a2b5.zip,Data/ECG/ecg-1784614966853-dbcd12a5609843a5a20f55cac491a2b5.zip,2026/7/21 14:22,2026-07-21 14:22:00,10,μV,24.503,single lead,ok,review,duration <30 sec,review_missing_d12,,no d12 record with same HNU,6450227c6e1d4064b6c681766751dc8c,d4cf9873428c45c385b0575241c093e2,1,12300,review,duration <30 sec,"parse,timestamp,gap,duration,constant,NaN/Inf"
ECG_2d1cde3ea4ff20,A51,A51,50d5905045b74ed5b415ade95b6f2db0,watch,ecg,ecg-1784800418848-cd060585e3d24853a1854437756e4bb6.zip,Data/ECG/ecg-1784800418848-cd060585e3d24853a1854437756e4bb6.zip,2026/7/23 17:51,2026-07-23 17:51:00,10,μV,117.505,single lead,ok,review,obvious time gaps: 1,review_missing_d12,,no d12 record with same HNU,4d56f1a755af40aab3f35462512dcbc8,d4cf9873428c45c385b0575241c093e2,1,57950,review,obvious time gaps: 1,"parse,timestamp,gap,duration,constant,NaN/Inf"
ECG_338202b0c28288,HNU11092,HNU11092,fecd7b4846b64feba7719f98f569bac7,watch,ecg,ecg-1785118679921-5a9ab08f05dc4cebadc05965db667b0d.zip,Data/ECG/ecg-1785118679921-5a9ab08f05dc4cebadc05965db667b0d.zip,2026/7/27 10:17,2026-07-27 10:17:00,10,μV,11.202,single lead,ok,review,duration <30 sec,paired_exact_subject_id,d12_af4ffaccfcd77f,exact HNU matches one d12 record,3c567567ffa94bc4aad51a1c273833a1,e9ccb37ba6514cd08242f26c737843e1,1,5650,review,duration <30 sec,"parse,timestamp,gap,duration,constant,NaN/Inf"
ECG_1fd4599d2c3509,HNU11007,HNU11007,68732538afcc49f8b5ff39f7280c7df8,watch,ecg,ecg-1784634104404-8020fce744f54bcfa3aa73d66e209ef6.zip,Data/ECG/ecg-1784634104404-8020fce744f54bcfa3aa73d66e209ef6.zip,2026/7/21 19:36,2026-07-21 19:36:00,10,μV,6.301,single lead,ok,review,duration <30 sec,paired_exact_subject_id,d12_05cc77f8a61e6e,exact HNU matches one d12 record,350acb574210435cb2f4e8769def14ee,d4cf9873428c45c385b0575241c093e2,1,3200,review,duration <30 sec,"parse,timestamp,gap,duration,constant,NaN/Inf"
ECG_b974b48800bb9b,test,test,b1a00685856a4483a150b7c8bea621aa,watch,ecg,ecg-1785402227786-c07490f1f4e34e87aa1049aadf2bf21c.zip,Data/ECG/ecg-1785402227786-c07490f1f4e34e87aa1049aadf2bf21c.zip,2026/7/30 17:03,2026-07-30 17:03:00,10,μV,12.845,single lead,ok,review,duration <30 sec,review_missing_d12,,no d12 record with same HNU,2aa4f481ea6e4b50a7bc393a27cfa9c0,e9ccb37ba6514cd08242f26c737843e1,1,6450,review,duration <30 sec,"parse,timestamp,gap,duration,constant,NaN/Inf"
ECG_20df14defaebad,HNU11077,HNU11077,f24b84e29a554d67afc1c796f2428b9a,watch,ecg,ecg-1784972925808-972a6cc18bbf4a2c8438aaacfe0c143b.zip,Data/ECG/ecg-1784972925808-972a6cc18bbf4a2c8438aaacfe0c143b.zip,2026/7/25 17:48,2026-07-25 17:48:00,10,μV,14.401,single lead,ok,review,duration <30 sec,paired_exact_subject_id,d12_beca710ccb8308,exact HNU matches one d12 record,12ec67630cc8444891db5e47babba805,e9ccb37ba6514cd08242f26c737843e1,1,7250,review,duration <30 sec,"parse,timestamp,gap,duration,constant,NaN/Inf"
ECG_cd55ae5fca214a,HNU11033,HNU11033,687688b9c43e4ccf94bf86630b132f14,watch,ecg,ecg-1784775308588-32cf443f28b3472398fa7d8d0184b933.zip,Data/ECG/ecg-1784775308588-32cf443f28b3472398fa7d8d0184b933.zip,2026/7/23 10:54,2026-07-23 10:54:00,10,μV,45.405,single lead,ok,review,duration 30-90 sec,paired_exact_subject_id,d12_460ad0de7a2ebf,exact HNU matches one d12 record,0b1144dfd5884eb681eea56c47633382,d4cf9873428c45c385b0575241c093e2,1,22750,review,duration 30-90 sec,"parse,timestamp,gap,duration,constant,NaN/Inf"
ECG_57c5b3bf3cee42,HNU11107,HNU11107,1576fba66aa043629f783b8bb9f98302,watch,ecg,ecg-1787645819316-bb40308323ab4b7eb69a3e21fb96d17c.zip,Data/ECG/ecg-1787645819316-bb40308323ab4b7eb69a3e21fb96d17c.zip,2026/8/25 16:16,2026-08-25 16:16:00,10,μV,47.689,single lead,ok,review,duration 30-90 sec,review_missing_d12,,no d12 record with same HNU,b52b5051d2d44e4e80590ef386c87c05,e9ccb37ba6514cd08242f26c737843e1,1,23800,review,duration 30-90 sec,"parse,timestamp,gap,duration,constant,NaN/Inf"
ECG_60f626fd61e9a7,HNU11103,HNU11103,ad1444cd4da8435597687403cb4b6989,watch,ecg,ecg-1787642256366-6143c5841a304c54a69a990b43bcde6c.zip,Data/ECG/ecg-1787642256366-6143c5841a304c54a69a990b43bcde6c.zip,2026/8/25 15:17,2026-08-25 15:17:00,10,μV,7.1,single lead,ok,review,duration <30 sec,review_missing_d12,,no d12 record with same HNU,f110e21259994bb694ae765d96f70b4d,e9ccb37ba6514cd08242f26c737843e1,1,3600,review,duration <30 sec,"parse,timestamp,gap,duration,constant,NaN/Inf"
PPG_0ee43c055b1595,HNU11072,HNU11072,05b8d754ba3641b08a6161f48e936a98,watch,ppg,ppg-1784966894646-b711a4d3c1c14a79b6b0988bd2911b70.zip,Data/PPG/ppg-1784966894646-b711a4d3c1c14a79b6b0988bd2911b70.zip,2026/7/25 16:06,2026-07-25 16:06:00,100,raw counts,119.418,PPGLight/greenLight/infraredLight/redLight,ok,review,obvious time gaps: 1,paired_exact_subject_id,d12_197ccfbd7661de,exact HNU matches one d12 record,f27683c49838415f8b90f242d63cb913,e9ccb37ba6514cd08242f26c737843e1,1,11615,review,obvious time gaps: 1,"parse,timestamp,gap,duration,constant,NaN/Inf"
PPG_10771bc3a4ef93,HNU11076,HNU11076,e1c1a1df51364f2f8c67c5284f661b34,watch,ppg,ppg-1785401630814-7542a974f8ec4e98a5e4052161f77dbc.zip,Data/PPG/ppg-1785401630814-7542a974f8ec4e98a5e4052161f77dbc.zip,2026/7/30 16:53,2026-07-30 16:53:00,100,raw counts,10.091,PPGLight/greenLight/infraredLight/redLight,ok,review,duration <30 sec,paired_exact_subject_id,d12_1812635abce179,exact HNU matches one d12 record,ef5475cad1da4a26813d62ed81d72216,e9ccb37ba6514cd08242f26c737843e1,1,1010,review,duration <30 sec,"parse,timestamp,gap,duration,constant,NaN/Inf"
PPG_651a93c3866f25,HNU11076,HNU11076,ffa84194a7164c1fb310f7d2acf213cd,watch,ppg,ppg-1785402183527-08a6a9aeacc34fd4aa726c9436b935ff.zip,Data/PPG/ppg-1785402183527-08a6a9aeacc34fd4aa726c9436b935ff.zip,2026/7/30 17:01,2026-07-30 17:01:00,100,raw counts,119.414,PPGLight/greenLight/infraredLight/redLight,ok,review,obvious time gaps: 1,paired_exact_subject_id,d12_1812635abce179,exact HNU matches one d12 record,e82986d2073046a48ea5e54b2343dc19,e9ccb37ba6514cd08242f26c737843e1,1,11675,review,obvious time gaps: 1,"parse,timestamp,gap,duration,constant,NaN/Inf"
PPG_f7387e63e07b8e,HNU11073,HNU11073,5d898a537d0d4b499daa4b17b4e0e30b,watch,ppg,ppg-1784969234473-cb05c895de584580b5df6800582d253f.zip,Data/PPG/ppg-1784969234473-cb05c895de584580b5df6800582d253f.zip,2026/7/25 16:45,2026-07-25 16:45:00,100,raw counts,119.689,PPGLight/greenLight/infraredLight/redLight,ok,review,obvious time gaps: 1,paired_exact_subject_id,d12_d392187f2e2bdb,exact HNU matches one d12 record,e78e0070f64d449bb84f8057084f7ac7,e9ccb37ba6514cd08242f26c737843e1,1,11795,review,obvious time gaps: 1,"parse,timestamp,gap,duration,constant,NaN/Inf"
PPG_87dcd47f014875,HNU11094,HNU11094,3cb51e382d1545e0ae856b9714509e61,watch,ppg,ppg-1785135948784-5b01e054f4b649f782d966c8d892119c.zip,Data/PPG/ppg-1785135948784-5b01e054f4b649f782d966c8d892119c.zip,2026/7/27 15:03,2026-07-27 15:03:00,100,raw counts,118.894,PPGLight/greenLight/infraredLight/redLight,ok,review,obvious time gaps: 1,paired_exact_subject_id,d12_85274e7c560787,exact HNU matches one d12 record,dc906aa334f647079ffbe668d5293ab1,e9ccb37ba6514cd08242f26c737843e1,1,11660,review,obvious time gaps: 1,"parse,timestamp,gap,duration,constant,NaN/Inf"
PPG_a6581d86dbe7d4,HNU11043,HNU11043,7656f0742bc24e5481bf34a1958adce9,watch,ppg,ppg-1784792923235-75bb0a1e67af415c8feb2dd2849da0ab.zip,Data/PPG/ppg-1784792923235-75bb0a1e67af415c8feb2dd2849da0ab.zip,2026/7/23 15:46,2026-07-23 15:46:00,100,raw counts,119.442,PPGLight/greenLight/infraredLight/redLight,ok,review,obvious time gaps: 1,paired_exact_subject_id,d12_ca2cde8608704b,exact HNU matches one d12 record,db0ad292741748608f853e71ac34abb6,d4cf9873428c45c385b0575241c093e2,1,11772,review,obvious time gaps: 1,"parse,timestamp,gap,duration,constant,NaN/Inf"
PPG_b30b5576dc0f73,HNU11076,HNU11076,3b173a0cb89c465293197e46402b11b6,watch,ppg,ppg-1784972686894-5832ce8c4ae84e28af91d3546bea07d7.zip,Data/PPG/ppg-1784972686894-5832ce8c4ae84e28af91d3546bea07d7.zip,2026/7/25 17:43,2026-07-25 17:43:00,100,raw counts,82.497,PPGLight/greenLight/infraredLight/redLight,ok,review,duration 30-90 sec,paired_exact_subject_id,d12_1812635abce179,exact HNU matches one d12 record,d919a9f6b418470dbf57872695428d21,e9ccb37ba6514cd08242f26c737843e1,1,8250,review,duration 30-90 sec,"parse,timestamp,gap,duration,constant,NaN/Inf"
PPG_8bb0072c9d06f8,test,test,b1a00685856a4483a150b7c8bea621aa,watch,ppg,ppg-1785402227901-c07490f1f4e34e87aa1049aadf2bf21c.zip,Data/PPG/ppg-1785402227901-c07490f1f4e34e87aa1049aadf2bf21c.zip,2026/7/30 17:03,2026-07-30 17:03:00,100,raw counts,14.896,PPGLight/greenLight/infraredLight/redLight,ok,review,obvious time gaps: 1; duration <30 sec,review_missing_d12,,no d12 record with same HNU,d1a36ddbeb1941ff847a97afda68fe96,e9ccb37ba6514cd08242f26c737843e1,1,1310,review,obvious time gaps: 1; duration <30 sec,"parse,timestamp,gap,duration,constant,NaN/Inf"
PPG_c4928f85b4aa38,HNU11101,HNU11101,8314dbb9dbd649e19be8cf0765708c72,watch,ppg,ppg-1785229210153-e48b0539b17d4436b80454e1f9b58fd7.zip,Data/PPG/ppg-1785229210153-e48b0539b17d4436b80454e1f9b58fd7.zip,2026/7/28 16:58,2026-07-28 16:58:00,100,raw counts,118.901,PPGLight/greenLight/infraredLight/redLight,ok,review,obvious time gaps: 1,paired_exact_subject_id,d12_1ec9cee338b2b9,exact HNU matches one d12 record,b2edbe98d6094374bb1990d0b2c76dfd,e9ccb37ba6514cd08242f26c737843e1,1,11660,review,obvious time gaps: 1,"parse,timestamp,gap,duration,constant,NaN/Inf"
PPG_53961402341644,HNU11044,HNU11044,89a0595d00954181a4cbc7cd93a509e0,watch,ppg,ppg-1784793166405-f9f46df8929f4a0ab0ba26721bb1b919.zip,Data/PPG/ppg-1784793166405-f9f46df8929f4a0ab0ba26721bb1b919.zip,2026/7/23 15:50,2026-07-23 15:50:00,100,raw counts,119.76,PPGLight/greenLight/infraredLight/redLight,ok,review,obvious time gaps: 1,paired_exact_subject_id,d12_c71f3cfe4e6257,exact HNU matches one d12 record,aeaca96267b54fa78d8d54981487ff09,d4cf9873428c45c385b0575241c093e2,1,11760,review,obvious time gaps: 1,"parse,timestamp,gap,duration,constant,NaN/Inf"
PPG_646844014971f6,7DE,7DE,dfad1cad07104ab0a2e41c9b81dafdf2,watch,ppg,ppg-1784271169602-f1a3914df4cc4ce48af268aa5c06eb76.zip,Data/PPG/ppg-1784271169602-f1a3914df4cc4ce48af268aa5c06eb76.zip,2026/7/17 14:50,2026-07-17 14:50:00,100,raw counts,119.163,PPGLight/greenLight/infraredLight/redLight,ok,review,obvious time gaps: 1,review_missing_d12,,no d12 record with same HNU,922568f58e214601bcf5bee9edf75904,d4cf9873428c45c385b0575241c093e2,1,11610,review,obvious time gaps: 1,"parse,timestamp,gap,duration,constant,NaN/Inf"
PPG_ec0184605a0a5a,HNU11054,HNU11054,e6c8b93b483c4dd0b18c728b5a29df2f,watch,ppg,ppg-1784859850722-0aa0c4aeec5b46f1bb9342c82f7df79e.zip,Data/PPG/ppg-1784859850722-0aa0c4aeec5b46f1bb9342c82f7df79e.zip,2026/7/24 10:22,2026-07-24 10:22:00,100,raw counts,117.509,PPGLight/greenLight/infraredLight/redLight,ok,review,obvious time gaps: 1,paired_exact_subject_id,d12_3fdafd49fbef07,exact HNU matches one d12 record,8cd5b7e7a89e46a2bda2ee6af2b557e1,d4cf9873428c45c385b0575241c093e2,1,11540,review,obvious time gaps: 1,"parse,timestamp,gap,duration,constant,NaN/Inf"
PPG_541399e238b614,HNU11077,HNU11077,b45e0bb8459c4bf28fb126bead140831,watch,ppg,ppg-1784972955646-ed30095b17eb49c4a990c4eac31a5528.zip,Data/PPG/ppg-1784972955646-ed30095b17eb49c4a990c4eac31a5528.zip,2026/7/25 17:48,2026-07-25 17:48:00,100,raw counts,16.992,PPGLight/greenLight/infraredLight/redLight,ok,review,duration <30 sec,paired_exact_subject_id,d12_beca710ccb8308,exact HNU matches one d12 record,8b2491d2eefe405d88d5a9b382a8a20f,e9ccb37ba6514cd08242f26c737843e1,1,1700,review,duration <30 sec,"parse,timestamp,gap,duration,constant,NaN/Inf"
PPG_e79dc1fca9b351,HNU11007,HNU11007,68732538afcc49f8b5ff39f7280c7df8,watch,ppg,ppg-1784634104525-8020fce744f54bcfa3aa73d66e209ef6.zip,Data/PPG/ppg-1784634104525-8020fce744f54bcfa3aa73d66e209ef6.zip,2026/7/21 19:36,2026-07-21 19:36:00,100,raw counts,6.391,PPGLight/greenLight/infraredLight/redLight,ok,review,duration <30 sec,paired_exact_subject_id,d12_05cc77f8a61e6e,exact HNU matches one d12 record,82e7e78e9c454a1b920c57c01f19e4d8,d4cf9873428c45c385b0575241c093e2,1,640,review,duration <30 sec,"parse,timestamp,gap,duration,constant,NaN/Inf"
PPG_c078698e18093e,HNU11066,HNU11066,32b323c7c80041eaaf5978a42cae4a0b,watch,ppg,ppg-1784882510331-f34b84bd6f2d433f80651f211a71f46c.zip,Data/PPG/ppg-1784882510331-f34b84bd6f2d433f80651f211a71f46c.zip,2026/7/24 16:39,2026-07-24 16:39:00,100,raw counts,119.595,PPGLight/greenLight/infraredLight/redLight,ok,review,obvious time gaps: 1,paired_exact_subject_id,d12_978f53a6bbc1a2,exact HNU matches one d12 record,7a072f9193d144cc9528e23813c5a6f0,d4cf9873428c45c385b0575241c093e2,1,11785,review,obvious time gaps: 1,"parse,timestamp,gap,duration,constant,NaN/Inf"
PPG_381bf94d9ef50e,HNU11095,HNU11095,3475c61d0a2d4410ae39e547138cb28f,watch,ppg,ppg-1785136273266-4301e736cd9649b6b134fc261ee3c2c2.zip,Data/PPG/ppg-1785136273266-4301e736cd9649b6b134fc261ee3c2c2.zip,2026/7/27 15:09,2026-07-27 15:09:00,100,raw counts,119.298,PPGLight/greenLight/infraredLight/redLight,ok,review,obvious time gaps: 1,paired_exact_subject_id,d12_a8861d947ae5c3,exact HNU matches one d12 record,7865a0cc4c464cf5b56eecf7a2363df4,e9ccb37ba6514cd08242f26c737843e1,1,11690,review,obvious time gaps: 1,"parse,timestamp,gap,duration,constant,NaN/Inf"
PPG_dcc706c3725725,HNU11012,HNU11012,c74e978864b14da582b723a710dfbb2e,watch,ppg,ppg-1784686517935-884d88066f724f9daab743274435d535.zip,Data/PPG/ppg-1784686517935-884d88066f724f9daab743274435d535.zip,2026/7/22 10:13,2026-07-22 10:13:00,100,raw counts,119.836,PPGLight/greenLight/infraredLight/redLight,ok,review,obvious time gaps: 1,paired_exact_subject_id,d12_79bb71da1f76e9,exact HNU matches one d12 record,704f4a7585434e7bb3883f6de24fa17e,d4cf9873428c45c385b0575241c093e2,1,11805,review,obvious time gaps: 1,"parse,timestamp,gap,duration,constant,NaN/Inf"
PPG_ad96f5ab432206,HNU11056,HNU11056,9ab8872dc144454c928058ce1c63e1d6,watch,ppg,ppg-1784860510514-2b94b93a153943d4b2af8ca3e283c8f7.zip,Data/PPG/ppg-1784860510514-2b94b93a153943d4b2af8ca3e283c8f7.zip,2026/7/24 10:33,2026-07-24 10:33:00,100,raw counts,119.091,PPGLight/greenLight/infraredLight/redLight,ok,review,obvious time gaps: 1,paired_exact_subject_id,d12_4f0618718eae4a,exact HNU matches one d12 record,59682b9491c443919ca9aca6110d3135,d4cf9873428c45c385b0575241c093e2,1,11725,review,obvious time gaps: 1,"parse,timestamp,gap,duration,constant,NaN/Inf"
PPG_99bc3a057fc90b,HNU11063,HNU11063,bad270010fdb4f3d8a22a22906aa22e2,watch,ppg,ppg-1784878403402-8078d3678b954bb9a1a4b9649cac21f5.zip,Data/PPG/ppg-1784878403402-8078d3678b954bb9a1a4b9649cac21f5.zip,2026/7/24 15:31,2026-07-24 15:31:00,100,raw counts,119.532,PPGLight/greenLight/infraredLight/redLight,ok,review,obvious time gaps: 1,paired_exact_subject_id,d12_076ea5daed5473,exact HNU matches one d12 record,57908bff896844e6a63227e987aefcc2,d4cf9873428c45c385b0575241c093e2,1,11775,review,obvious time gaps: 1,"parse,timestamp,gap,duration,constant,NaN/Inf"
PPG_733a6c2e9233d6,HNU11077,HNU11077,f24b84e29a554d67afc1c796f2428b9a,watch,ppg,ppg-1784972925909-972a6cc18bbf4a2c8438aaacfe0c143b.zip,Data/PPG/ppg-1784972925909-972a6cc18bbf4a2c8438aaacfe0c143b.zip,2026/7/25 17:48,2026-07-25 17:48:00,100,raw counts,14.491,PPGLight/greenLight/infraredLight/redLight,ok,review,duration <30 sec,paired_exact_subject_id,d12_beca710ccb8308,exact HNU matches one d12 record,56eee5f70a2c47088de7a7fc8b19e76a,e9ccb37ba6514cd08242f26c737843e1,1,1450,review,duration <30 sec,"parse,timestamp,gap,duration,constant,NaN/Inf"
PPG_d7f17f44568c2a,HNU11051,HNU11051,811b7066e3784f49a6f22364e806fcd4,watch,ppg,ppg-1784800077396-0c9103ae2e7c4a00b85015c0823fea75.zip,Data/PPG/ppg-1784800077396-0c9103ae2e7c4a00b85015c0823fea75.zip,2026/7/23 17:45,2026-07-23 17:45:00,100,raw counts,119.721,PPGLight/greenLight/infraredLight/redLight,ok,review,obvious time gaps: 1,paired_exact_subject_id,d12_bcbd97e6a622b0,exact HNU matches one d12 record,50182920526243c38b7b79a769d2c5b4,d4cf9873428c45c385b0575241c093e2,1,11555,review,obvious time gaps: 1,"parse,timestamp,gap,duration,constant,NaN/Inf"
PPG_b2f1104188f5f3,HNU11058,HNU11058,fe10166ca6a44ee4a0e6e70dc290cd48,watch,ppg,ppg-1784861078209-b30374989bc248c6a2385d1e7157ca44.zip,Data/PPG/ppg-1784861078209-b30374989bc248c6a2385d1e7157ca44.zip,2026/7/24 10:42,2026-07-24 10:42:00,100,raw counts,119.717,PPGLight/greenLight/infraredLight/redLight,ok,review,obvious time gaps: 1,paired_exact_subject_id,d12_4320ee1a2247cf,exact HNU matches one d12 record,4f7afc3d069a476cb65b34b01ed2a35d,d4cf9873428c45c385b0575241c093e2,1,11810,review,obvious time gaps: 1,"parse,timestamp,gap,duration,constant,NaN/Inf"
PPG_a683b2ad839971,HNU11076,HNU11076,7cf21b5af2ff41b8b1a139f4faf11729,watch,ppg,ppg-1785401963614-89866a30e69b4a4f8516031b3b19ac81.zip,Data/PPG/ppg-1785401963614-89866a30e69b4a4f8516031b3b19ac81.zip,2026/7/30 16:57,2026-07-30 16:57:00,100,raw counts,119.072,PPGLight/greenLight/infraredLight/redLight,ok,review,obvious time gaps: 1,paired_exact_subject_id,d12_1812635abce179,exact HNU matches one d12 record,4e5b1572937a487a989c78e4614f4b15,e9ccb37ba6514cd08242f26c737843e1,1,11690,review,obvious time gaps: 1,"parse,timestamp,gap,duration,constant,NaN/Inf"
PPG_6ab2c7cacf13c5,HNU11002,HNU11002,ac0ae620ac4d4e1593981bd24605a34f,watch,ppg,ppg-1784624223283-79e653b8a9df4adfb1daac7936226d02.zip,Data/PPG/ppg-1784624223283-79e653b8a9df4adfb1daac7936226d02.zip,2026/7/21 16:56,2026-07-21 16:56:00,100,raw counts,6.59,PPGLight/greenLight/infraredLight/redLight,ok,review,duration <30 sec,paired_exact_subject_id,d12_0100000d4f7822,exact HNU matches one d12 record,4b5b8495d37b48b88385490fdccbb5d1,d4cf9873428c45c385b0575241c093e2,1,660,review,duration <30 sec,"parse,timestamp,gap,duration,constant,NaN/Inf"
PPG_5cdf441264ccda,HNU11026,HNU11026,19cece2db6db4472b32f624b5c9158bb,watch,ppg,ppg-1784707430322-82f8ca240fe9406b87320131ccb9464d.zip,Data/PPG/ppg-1784707430322-82f8ca240fe9406b87320131ccb9464d.zip,2026/7/22 16:01,2026-07-22 16:01:00,100,raw counts,119.59,PPGLight/greenLight/infraredLight/redLight,ok,review,obvious time gaps: 1,paired_exact_subject_id,d12_1169122ce7bb98,exact HNU matches one d12 record,4a1decf247894f32bc4d43aa11983aa3,d4cf9873428c45c385b0575241c093e2,1,11785,review,obvious time gaps: 1,"parse,timestamp,gap,duration,constant,NaN/Inf"
PPG_6137c3fdbd6ed6,HNU11092,HNU11092,fecd7b4846b64feba7719f98f569bac7,watch,ppg,ppg-1785118680062-5a9ab08f05dc4cebadc05965db667b0d.zip,Data/PPG/ppg-1785118680062-5a9ab08f05dc4cebadc05965db667b0d.zip,2026/7/27 10:17,2026-07-27 10:17:00,100,raw counts,11.291,PPGLight/greenLight/infraredLight/redLight,ok,review,duration <30 sec,paired_exact_subject_id,d12_af4ffaccfcd77f,exact HNU matches one d12 record,3f19b219cf584184ae76b2581d20766f,e9ccb37ba6514cd08242f26c737843e1,1,1130,review,duration <30 sec,"parse,timestamp,gap,duration,constant,NaN/Inf"
PPG_f01b6872acfb7c,A51,A51,50d5905045b74ed5b415ade95b6f2db0,watch,ppg,ppg-1784800419038-cd060585e3d24853a1854437756e4bb6.zip,Data/PPG/ppg-1784800419038-cd060585e3d24853a1854437756e4bb6.zip,2026/7/23 17:51,2026-07-23 17:51:00,100,raw counts,117.594,PPGLight/greenLight/infraredLight/redLight,ok,review,obvious time gaps: 1,review_missing_d12,,no d12 record with same HNU,33d95bed993e4563af53cda92ea97d68,d4cf9873428c45c385b0575241c093e2,1,11600,review,obvious time gaps: 1,"parse,timestamp,gap,duration,constant,NaN/Inf"
PPG_f013b82f536357,HNU11018,HNU11018,4058e2edd2284dc2afb40d81f04d5178,watch,ppg,ppg-1784688575837-9c9803f69299416a8353055fa883628f.zip,Data/PPG/ppg-1784688575837-9c9803f69299416a8353055fa883628f.zip,2026/7/22 10:47,2026-07-22 10:47:00,100,raw counts,119.603,PPGLight/greenLight/infraredLight/redLight,ok,review,obvious time gaps: 1,paired_exact_subject_id,d12_83317d672b265e,exact HNU matches one d12 record,31d21d9f238d4f9c86dddaa6fd7d0f7a,d4cf9873428c45c385b0575241c093e2,1,11625,review,obvious time gaps: 1,"parse,timestamp,gap,duration,constant,NaN/Inf"
PPG_dfe769efb5d5d2,HNU11033,HNU11033,687688b9c43e4ccf94bf86630b132f14,watch,ppg,ppg-1784775308723-32cf443f28b3472398fa7d8d0184b933.zip,Data/PPG/ppg-1784775308723-32cf443f28b3472398fa7d8d0184b933.zip,2026/7/23 10:54,2026-07-23 10:54:00,100,raw counts,45.495,PPGLight/greenLight/infraredLight/redLight,ok,review,duration 30-90 sec,paired_exact_subject_id,d12_460ad0de7a2ebf,exact HNU matches one d12 record,2f21055cdcfa45e186b4bf9e8a01ce85,d4cf9873428c45c385b0575241c093e2,1,4550,review,duration 30-90 sec,"parse,timestamp,gap,duration,constant,NaN/Inf"
PPG_94ff2983be67a9,HNU11076,HNU11076,449ba868e8a74ef899ae01c499086890,watch,ppg,ppg-1785401656574-9cd9b0a258a942998ebf3c7b4d0ef662.zip,Data/PPG/ppg-1785401656574-9cd9b0a258a942998ebf3c7b4d0ef662.zip,2026/7/30 16:54,2026-07-30 16:54:00,100,raw counts,10.992,PPGLight/greenLight/infraredLight/redLight,ok,review,duration <30 sec,paired_exact_subject_id,d12_1812635abce179,exact HNU matches one d12 record,2db6b065bcec4b1e8626cf0d4798d2d6,e9ccb37ba6514cd08242f26c737843e1,1,1100,review,duration <30 sec,"parse,timestamp,gap,duration,constant,NaN/Inf"
PPG_1a196de781f2e8,HNU11004,HNU11004,f63030952b4c4983934e7de48697a0e3,watch,ppg,ppg-1784625879659-ce58e6a30f0e4eada41f5b223fa4ade9.zip,Data/PPG/ppg-1784625879659-ce58e6a30f0e4eada41f5b223fa4ade9.zip,2026/7/21 17:24,2026-07-21 17:24:00,100,raw counts,0.99,PPGLight/greenLight/infraredLight/redLight,ok,review,duration <30 sec,paired_exact_subject_id,d12_6b52d28690cdb8,exact HNU matches one d12 record,29bad7da414c433ca6d22199840fa0fb,d4cf9873428c45c385b0575241c093e2,1,100,review,duration <30 sec,"parse,timestamp,gap,duration,constant,NaN/Inf"
PPG_dcd1bad7859cc1,HNU11003,HNU11003,40947543d2524af89db001c24104ad32,watch,ppg,ppg-1784710211559-4db88546b94e4fd69ccb6e33c2325561.zip,Data/PPG/ppg-1784710211559-4db88546b94e4fd69ccb6e33c2325561.zip,2026/7/22 16:50,2026-07-22 16:50:00,100,raw counts,1.29,PPGLight/greenLight/infraredLight/redLight,ok,review,duration <30 sec,paired_exact_subject_id,d12_2a478d28d88149,exact HNU matches one d12 record,1d04daea61ab4622bfe8f746d29e7030,d4cf9873428c45c385b0575241c093e2,1,130,review,duration <30 sec,"parse,timestamp,gap,duration,constant,NaN/Inf"
PPG_e7b67725b0f4db,HNU11101,HNU11101,65726b2dffb44762b38af28e64a08e3a,watch,ppg,ppg-1785229084079-f87bf61dd6734e2ca7390137a0c1867b.zip,Data/PPG/ppg-1785229084079-f87bf61dd6734e2ca7390137a0c1867b.zip,2026/7/28 16:56,2026-07-28 16:56:00,100,raw counts,78.013,PPGLight/greenLight/infraredLight/redLight,ok,review,obvious time gaps: 1; duration 30-90 sec,paired_exact_subject_id,d12_1ec9cee338b2b9,exact HNU matches one d12 record,1c532839ae814f0098de415f064ea7cf,e9ccb37ba6514cd08242f26c737843e1,1,7590,review,obvious time gaps: 1; duration 30-90 sec,"parse,timestamp,gap,duration,constant,NaN/Inf"
PPG_5b8fb7268cebf9,HNU11017,HNU11017,a6d0a79a915c4a4284ee0e38219b3737,watch,ppg,ppg-1784688239419-b0d0156b3cc84b58ba456cfc6bf95f78.zip,Data/PPG/ppg-1784688239419-b0d0156b3cc84b58ba456cfc6bf95f78.zip,2026/7/22 10:41,2026-07-22 10:41:00,100,raw counts,119.612,PPGLight/greenLight/infraredLight/redLight,ok,review,obvious time gaps: 1,paired_exact_subject_id,d12_f6f28a6878e0ba,exact HNU matches one d12 record,199eefaa52db47869116b20a2032f24f,d4cf9873428c45c385b0575241c093e2,1,11780,review,obvious time gaps: 1,"parse,timestamp,gap,duration,constant,NaN/Inf"
PPG_90926ed2180fc8,A51,A51,169dee2eb14442499473375e1e93c4d5,watch,ppg,ppg-1784614966983-dbcd12a5609843a5a20f55cac491a2b5.zip,Data/PPG/ppg-1784614966983-dbcd12a5609843a5a20f55cac491a2b5.zip,2026/7/21 14:22,2026-07-21 14:22:00,100,raw counts,27.84,PPGLight/greenLight/infraredLight/redLight,ok,review,obvious time gaps: 1; duration <30 sec,review_missing_d12,,no d12 record with same HNU,18e9021ae4574e6daa33b78ca26162c6,d4cf9873428c45c385b0575241c093e2,1,2490,review,obvious time gaps: 1; duration <30 sec,"parse,timestamp,gap,duration,constant,NaN/Inf"
PPG_1790c408f9ce37,HNU11003,HNU11003,9e0c18cedec744e59f49e75afb6d5452,watch,ppg,ppg-1784710339258-e47facff02a24cd38e79a43bc7be6d03.zip,Data/PPG/ppg-1784710339258-e47facff02a24cd38e79a43bc7be6d03.zip,2026/7/22 16:50,2026-07-22 16:50:00,100,raw counts,119.484,PPGLight/greenLight/infraredLight/redLight,ok,review,obvious time gaps: 1,paired_exact_subject_id,d12_2a478d28d88149,exact HNU matches one d12 record,15c8bc59b83d44c59b41a1120224cc56,d4cf9873428c45c385b0575241c093e2,1,11775,review,obvious time gaps: 1,"parse,timestamp,gap,duration,constant,NaN/Inf"
PPG_938081c31e6180,HNU11076,HNU11076,b2d99eb00d014cd380a64809a598ffce,watch,ppg,ppg-1784972597443-a555d856b75748e1bc1f156e1242d1d1.zip,Data/PPG/ppg-1784972597443-a555d856b75748e1bc1f156e1242d1d1.zip,2026/7/25 17:43,2026-07-25 17:43:00,100,raw counts,5.99,PPGLight/greenLight/infraredLight/redLight,ok,review,duration <30 sec,paired_exact_subject_id,d12_1812635abce179,exact HNU matches one d12 record,11833fc6f669422fb8c506dc5f9e73f2,e9ccb37ba6514cd08242f26c737843e1,1,600,review,duration <30 sec,"parse,timestamp,gap,duration,constant,NaN/Inf"
PPG_3fa6a042ddfacd,HNU11096,HNU11096,ef37efbae4d841aaa605c8305245fc98,watch,ppg,ppg-1785136524454-ca56815818554d8a819856c3800a09f6.zip,Data/PPG/ppg-1785136524454-ca56815818554d8a819856c3800a09f6.zip,2026/7/27 15:13,2026-07-27 15:13:00,100,raw counts,119.712,PPGLight/greenLight/infraredLight/redLight,ok,review,obvious time gaps: 1,paired_exact_subject_id,d12_cffb230e0e9aa3,exact HNU matches one d12 record,0a5cddc038e6462a9a2206b3f6ade6e3,e9ccb37ba6514cd08242f26c737843e1,1,11685,review,obvious time gaps: 1,"parse,timestamp,gap,duration,constant,NaN/Inf"
PPG_a9c0ec435220ff,HNU11013,HNU11013,59241924b8e344e388ded3b05879cfcb,watch,ppg,ppg-1784687018174-c9c679aa79d64134b031daca93f89e38.zip,Data/PPG/ppg-1784687018174-c9c679aa79d64134b031daca93f89e38.zip,2026/7/22 10:21,2026-07-22 10:21:00,100,raw counts,120.032,PPGLight/greenLight/infraredLight/redLight,ok,review,obvious time gaps: 1,paired_exact_subject_id,d12_ff969feb0f32a3,exact HNU matches one d12 record,0594829cf39948ecaffb1019bd4d77e5,d4cf9873428c45c385b0575241c093e2,1,11795,review,obvious time gaps: 1,"parse,timestamp,gap,duration,constant,NaN/Inf"
PPG_50eceef4bae898,HNU11107,HNU11107,50048e862a4c41ce804c1059b49235e2,watch,ppg,ppg-1787646767859-cbe6f9c4de7440a1afff0f2acf4fa7f4.zip,Data/PPG/ppg-1787646767859-cbe6f9c4de7440a1afff0f2acf4fa7f4.zip,2026/8/25 16:30,2026-08-25 16:30:00,100,raw counts,119.236,PPGLight/greenLight/infraredLight/redLight,ok,review,obvious time gaps: 1,review_missing_d12,,no d12 record with same HNU,960159f0e9bf4463a30eff269b6336cb,e9ccb37ba6514cd08242f26c737843e1,1,11700,review,obvious time gaps: 1,"parse,timestamp,gap,duration,constant,NaN/Inf"
PPG_b75d60985400cd,HNU11107,HNU11107,1576fba66aa043629f783b8bb9f98302,watch,ppg,ppg-1787645819485-bb40308323ab4b7eb69a3e21fb96d17c.zip,Data/PPG/ppg-1787645819485-bb40308323ab4b7eb69a3e21fb96d17c.zip,2026/8/25 16:16,2026-08-25 16:16:00,100,raw counts,51.146,PPGLight/greenLight/infraredLight/redLight,ok,review,obvious time gaps: 1; duration 30-90 sec,review_missing_d12,,no d12 record with same HNU,3abf9af2ebb844b3b11a6195f39a2a3c,e9ccb37ba6514cd08242f26c737843e1,1,4780,review,obvious time gaps: 1; duration 30-90 sec,"parse,timestamp,gap,duration,constant,NaN/Inf"
PPG_460c2ccbba0421,HNU11106,HNU11106,4958cf28d87c4bd4a0dd296690c8b711,watch,ppg,ppg-1787644906847-f4aac74616b143269ecfff7cf86ca143.zip,Data/PPG/ppg-1787644906847-f4aac74616b143269ecfff7cf86ca143.zip,2026/8/25 15:59,2026-08-25 15:59:00,100,raw counts,119.02,PPGLight/greenLight/infraredLight/redLight,ok,review,obvious time gaps: 1,review_missing_d12,,no d12 record with same HNU,948f6ede0bb94fbf92f919c564fd442e,e9ccb37ba6514cd08242f26c737843e1,1,11680,review,obvious time gaps: 1,"parse,timestamp,gap,duration,constant,NaN/Inf"
PPG_ae599572a3e530,HNU11105,HNU11105,09714ff3e6814e1f9cd399f2bc02cc01,watch,ppg,ppg-1787644143325-6ae3ba002bac490cb8d517cca25627b6.zip,Data/PPG/ppg-1787644143325-6ae3ba002bac490cb8d517cca25627b6.zip,2026/8/25 15:47,2026-08-25 15:47:00,100,raw counts,119.313,PPGLight/greenLight/infraredLight/redLight,ok,review,obvious time gaps: 1,review_missing_d12,,no d12 record with same HNU,26af8f931ff24b6995bc138deb2c07c2,e9ccb37ba6514cd08242f26c737843e1,1,11710,review,obvious time gaps: 1,"parse,timestamp,gap,duration,constant,NaN/Inf"
PPG_8f2d9016671de5,HNU11103,HNU11103,ad1444cd4da8435597687403cb4b6989,watch,ppg,ppg-1787642256492-6143c5841a304c54a69a990b43bcde6c.zip,Data/PPG/ppg-1787642256492-6143c5841a304c54a69a990b43bcde6c.zip,2026/8/25 15:17,2026-08-25 15:17:00,100,raw counts,7.19,PPGLight/greenLight/infraredLight/redLight,ok,review,duration <30 sec,review_missing_d12,,no d12 record with same HNU,b8d0054a9acf4e4fb92bda81bf370bfc,e9ccb37ba6514cd08242f26c737843e1,1,720,review,duration <30 sec,"parse,timestamp,gap,duration,constant,NaN/Inf"
acceleration_14a1444ccdadd6,HNU11017,HNU11017,a6d0a79a915c4a4284ee0e38219b3737,watch,acceleration,acceleration-1784688239744-b0d0156b3cc84b58ba456cfc6bf95f78.zip,Data/acceleration/acceleration-1784688239744-b0d0156b3cc84b58ba456cfc6bf95f78.zip,2026/7/22 10:41,2026-07-22 10:41:00,100,g,119.653,"x,y,z",ok,review,obvious time gaps: 1,paired_exact_subject_id,d12_f6f28a6878e0ba,exact HNU matches one d12 record,fa6d40f829a14b10955cefef3572d63c,d4cf9873428c45c385b0575241c093e2,1,11780,review,obvious time gaps: 1,"parse,timestamp,gap,duration,constant,NaN/Inf"
acceleration_9ff6d5f35a23a0,HNU11077,HNU11077,f24b84e29a554d67afc1c796f2428b9a,watch,acceleration,acceleration-1784972926037-972a6cc18bbf4a2c8438aaacfe0c143b.zip,Data/acceleration/acceleration-1784972926037-972a6cc18bbf4a2c8438aaacfe0c143b.zip,2026/7/25 17:48,2026-07-25 17:48:00,100,g,14.43,"x,y,z",ok,review,duration <30 sec,paired_exact_subject_id,d12_beca710ccb8308,exact HNU matches one d12 record,ec1fa28645d6481a9f9903266e764249,e9ccb37ba6514cd08242f26c737843e1,1,1450,review,duration <30 sec,"parse,timestamp,gap,duration,constant,NaN/Inf"
acceleration_d5b8005c90b829,HNU11043,HNU11043,7656f0742bc24e5481bf34a1958adce9,watch,acceleration,acceleration-1784792923540-75bb0a1e67af415c8feb2dd2849da0ab.zip,Data/acceleration/acceleration-1784792923540-75bb0a1e67af415c8feb2dd2849da0ab.zip,2026/7/23 15:46,2026-07-23 15:46:00,100,g,119.473,"x,y,z",ok,review,obvious time gaps: 1,paired_exact_subject_id,d12_ca2cde8608704b,exact HNU matches one d12 record,e684e21a2ab04994b2fb8f201e161a3e,d4cf9873428c45c385b0575241c093e2,1,11770,review,obvious time gaps: 1,"parse,timestamp,gap,duration,constant,NaN/Inf"
acceleration_91fec0cf3bdc2f,HNU11007,HNU11007,ef42c287300048dab338756e1d699517,watch,acceleration,acceleration-1784634347564-57eb0c1a58764dc78afe199e1ee22e3d.zip,Data/acceleration/acceleration-1784634347564-57eb0c1a58764dc78afe199e1ee22e3d.zip,2026/7/21 19:43,2026-07-21 19:43:00,100,g,117.888,"x,y,z",ok,review,timestamps not strictly increasing,paired_exact_subject_id,d12_05cc77f8a61e6e,exact HNU matches one d12 record,e6477bf873724653bc55d911fd9d7d36,d4cf9873428c45c385b0575241c093e2,1,11790,review,timestamps not strictly increasing,"parse,timestamp,gap,duration,constant,NaN/Inf"
acceleration_430bb3d4531d2e,HNU11076,HNU11076,b2d99eb00d014cd380a64809a598ffce,watch,acceleration,acceleration-1784972597551-a555d856b75748e1bc1f156e1242d1d1.zip,Data/acceleration/acceleration-1784972597551-a555d856b75748e1bc1f156e1242d1d1.zip,2026/7/25 17:43,2026-07-25 17:43:00,100,g,5.939,"x,y,z",ok,review,duration <30 sec,paired_exact_subject_id,d12_1812635abce179,exact HNU matches one d12 record,e4b5269074444f5b8d0b66aec7ffd5c6,e9ccb37ba6514cd08242f26c737843e1,1,600,review,duration <30 sec,"parse,timestamp,gap,duration,constant,NaN/Inf"
acceleration_b1c51bdfabfef7,HNU11012,HNU11012,c74e978864b14da582b723a710dfbb2e,watch,acceleration,acceleration-1784686518252-884d88066f724f9daab743274435d535.zip,Data/acceleration/acceleration-1784686518252-884d88066f724f9daab743274435d535.zip,2026/7/22 10:13,2026-07-22 10:13:00,100,g,119.843,"x,y,z",ok,review,obvious time gaps: 1,paired_exact_subject_id,d12_79bb71da1f76e9,exact HNU matches one d12 record,e405d4fe91264e04a5766ddc55b74bce,d4cf9873428c45c385b0575241c093e2,1,11800,review,obvious time gaps: 1,"parse,timestamp,gap,duration,constant,NaN/Inf"
acceleration_f9a2d62eb11f69,HNU11094,HNU11094,3cb51e382d1545e0ae856b9714509e61,watch,acceleration,acceleration-1785135949113-5b01e054f4b649f782d966c8d892119c.zip,Data/acceleration/acceleration-1785135949113-5b01e054f4b649f782d966c8d892119c.zip,2026/7/27 15:03,2026-07-27 15:03:00,100,g,118.835,"x,y,z",ok,review,obvious time gaps: 1,paired_exact_subject_id,d12_85274e7c560787,exact HNU matches one d12 record,e287aa2b184c41e381ecf6a4681773ac,e9ccb37ba6514cd08242f26c737843e1,1,11660,review,obvious time gaps: 1,"parse,timestamp,gap,duration,constant,NaN/Inf"
acceleration_aa6257fae5761a,HNU11066,HNU11066,32b323c7c80041eaaf5978a42cae4a0b,watch,acceleration,acceleration-1784882510665-f34b84bd6f2d433f80651f211a71f46c.zip,Data/acceleration/acceleration-1784882510665-f34b84bd6f2d433f80651f211a71f46c.zip,2026/7/24 16:39,2026-07-24 16:39:00,100,g,119.565,"x,y,z",ok,review,obvious time gaps: 1,paired_exact_subject_id,d12_978f53a6bbc1a2,exact HNU matches one d12 record,dbcd438a2bba42bdafd4b1285f427546,d4cf9873428c45c385b0575241c093e2,1,11780,review,obvious time gaps: 1,"parse,timestamp,gap,duration,constant,NaN/Inf"
acceleration_1f9fa24b1e99b9,HNU11076,HNU11076,ffa84194a7164c1fb310f7d2acf213cd,watch,acceleration,acceleration-1785402183881-08a6a9aeacc34fd4aa726c9436b935ff.zip,Data/acceleration/acceleration-1785402183881-08a6a9aeacc34fd4aa726c9436b935ff.zip,2026/7/30 17:01,2026-07-30 17:01:00,100,g,119.402,"x,y,z",ok,review,obvious time gaps: 1,paired_exact_subject_id,d12_1812635abce179,exact HNU matches one d12 record,d88d150c2fdd45608da1373af6584fa1,e9ccb37ba6514cd08242f26c737843e1,1,11670,review,obvious time gaps: 1,"parse,timestamp,gap,duration,constant,NaN/Inf"
acceleration_b25b8eb5ccd905,7DE,7DE,dfad1cad07104ab0a2e41c9b81dafdf2,watch,acceleration,acceleration-1784271170221-f1a3914df4cc4ce48af268aa5c06eb76.zip,Data/acceleration/acceleration-1784271170221-f1a3914df4cc4ce48af268aa5c06eb76.zip,2026/7/17 14:50,2026-07-17 14:50:00,100,g,119.079,"x,y,z",ok,review,obvious time gaps: 1,review_missing_d12,,no d12 record with same HNU,d0eb19ee9aaa42ef9e1b199724fe46ef,d4cf9873428c45c385b0575241c093e2,1,11700,review,obvious time gaps: 1,"parse,timestamp,gap,duration,constant,NaN/Inf"
acceleration_82dbaa6ef15185,HNU11053,HNU11053,2b75f7da5c3b4fb3b06814c893906c51,watch,acceleration,acceleration-1784859583490-6d0b1faae68547f799ae8dc3704a0f89.zip,Data/acceleration/acceleration-1784859583490-6d0b1faae68547f799ae8dc3704a0f89.zip,2026/7/24 10:17,2026-07-24 10:17:00,100,g,117.747,"x,y,z",ok,review,timestamps not strictly increasing,paired_exact_subject_id,d12_b10757ed8a53eb,exact HNU matches one d12 record,cdce58ceaa164e419217bbbaaef118b3,d4cf9873428c45c385b0575241c093e2,1,11680,review,timestamps not strictly increasing,"parse,timestamp,gap,duration,constant,NaN/Inf"
acceleration_c75e381fcb9bb5,HNU11101,HNU11101,8314dbb9dbd649e19be8cf0765708c72,watch,acceleration,acceleration-1785229210480-e48b0539b17d4436b80454e1f9b58fd7.zip,Data/acceleration/acceleration-1785229210480-e48b0539b17d4436b80454e1f9b58fd7.zip,2026/7/28 16:58,2026-07-28 16:58:00,100,g,118.9,"x,y,z",ok,review,obvious time gaps: 1,paired_exact_subject_id,d12_1ec9cee338b2b9,exact HNU matches one d12 record,bebde8305e5746dab859575ec758a11c,e9ccb37ba6514cd08242f26c737843e1,1,11660,review,obvious time gaps: 1,"parse,timestamp,gap,duration,constant,NaN/Inf"
acceleration_32565ba357d223,HNU11003,HNU11003,40947543d2524af89db001c24104ad32,watch,acceleration,acceleration-1784710211664-4db88546b94e4fd69ccb6e33c2325561.zip,Data/acceleration/acceleration-1784710211664-4db88546b94e4fd69ccb6e33c2325561.zip,2026/7/22 16:50,2026-07-22 16:50:00,100,g,1.326,"x,y,z",ok,review,timestamps not strictly increasing; duration <30 sec,paired_exact_subject_id,d12_2a478d28d88149,exact HNU matches one d12 record,b9559e4630df49489d3d7e173da62317,d4cf9873428c45c385b0575241c093e2,1,130,review,timestamps not strictly increasing; duration <30 sec,"parse,timestamp,gap,duration,constant,NaN/Inf"
acceleration_4df0b8fa7b7670,HNU11076,HNU11076,e1c1a1df51364f2f8c67c5284f661b34,watch,acceleration,acceleration-1785401630930-7542a974f8ec4e98a5e4052161f77dbc.zip,Data/acceleration/acceleration-1785401630930-7542a974f8ec4e98a5e4052161f77dbc.zip,2026/7/30 16:53,2026-07-30 16:53:00,100,g,10.09,"x,y,z",ok,review,duration <30 sec,paired_exact_subject_id,d12_1812635abce179,exact HNU matches one d12 record,b146f59cbb2b4ea8a377786a6a231b7d,e9ccb37ba6514cd08242f26c737843e1,1,1010,review,duration <30 sec,"parse,timestamp,gap,duration,constant,NaN/Inf"
acceleration_a94668cb9bfb96,HNU11095,HNU11095,3475c61d0a2d4410ae39e547138cb28f,watch,acceleration,acceleration-1785136273589-4301e736cd9649b6b134fc261ee3c2c2.zip,Data/acceleration/acceleration-1785136273589-4301e736cd9649b6b134fc261ee3c2c2.zip,2026/7/27 15:09,2026-07-27 15:09:00,100,g,119.307,"x,y,z",ok,review,obvious time gaps: 1,paired_exact_subject_id,d12_a8861d947ae5c3,exact HNU matches one d12 record,b108bd61675145d597d5ab34eea87dcc,e9ccb37ba6514cd08242f26c737843e1,1,11690,review,obvious time gaps: 1,"parse,timestamp,gap,duration,constant,NaN/Inf"
acceleration_5d926e80cbe3d0,HNU11007,HNU11007,68732538afcc49f8b5ff39f7280c7df8,watch,acceleration,acceleration-1784634104675-8020fce744f54bcfa3aa73d66e209ef6.zip,Data/acceleration/acceleration-1784634104675-8020fce744f54bcfa3aa73d66e209ef6.zip,2026/7/21 19:36,2026-07-21 19:36:00,100,g,6.316,"x,y,z",ok,review,duration <30 sec,paired_exact_subject_id,d12_05cc77f8a61e6e,exact HNU matches one d12 record,a1bc86eb6ce9442cbf83fd0ceba2b70a,d4cf9873428c45c385b0575241c093e2,1,640,review,duration <30 sec,"parse,timestamp,gap,duration,constant,NaN/Inf"
acceleration_37529775f3dd2c,HNU11031,HNU11031,c141cc18996b43738c8be7dfe0dc3b17,watch,acceleration,acceleration-1784772872804-a29bff9433aa451d9df9ccd538f3b3d0.zip,Data/acceleration/acceleration-1784772872804-a29bff9433aa451d9df9ccd538f3b3d0.zip,2026/7/23 10:12,2026-07-23 10:12:00,100,g,117.665,"x,y,z",ok,review,timestamps not strictly increasing,paired_exact_subject_id,d12_74c7084de676e5,exact HNU matches one d12 record,90c8a6da156c43fd909e9d781657f5c5,d4cf9873428c45c385b0575241c093e2,1,11760,review,timestamps not strictly increasing,"parse,timestamp,gap,duration,constant,NaN/Inf"
acceleration_6e25a9cd084b8f,A51,A51,50d5905045b74ed5b415ade95b6f2db0,watch,acceleration,acceleration-1784800419349-cd060585e3d24853a1854437756e4bb6.zip,Data/acceleration/acceleration-1784800419349-cd060585e3d24853a1854437756e4bb6.zip,2026/7/23 17:51,2026-07-23 17:51:00,100,g,117.648,"x,y,z",ok,review,obvious time gaps: 1,review_missing_d12,,no d12 record with same HNU,8c25d8c90c1d4756a12d0411cdffed5c,d4cf9873428c45c385b0575241c093e2,1,11600,review,obvious time gaps: 1,"parse,timestamp,gap,duration,constant,NaN/Inf"
acceleration_9973303b7f54e2,HNU11073,HNU11073,5d898a537d0d4b499daa4b17b4e0e30b,watch,acceleration,acceleration-1784969234807-cb05c895de584580b5df6800582d253f.zip,Data/acceleration/acceleration-1784969234807-cb05c895de584580b5df6800582d253f.zip,2026/7/25 16:45,2026-07-25 16:45:00,100,g,119.665,"x,y,z",ok,review,obvious time gaps: 1,paired_exact_subject_id,d12_d392187f2e2bdb,exact HNU matches one d12 record,8bbea96d4e7f43298e9354ebce55d8b5,e9ccb37ba6514cd08242f26c737843e1,1,11790,review,obvious time gaps: 1,"parse,timestamp,gap,duration,constant,NaN/Inf"
acceleration_09c80cfdfc80e0,HNU11044,HNU11044,89a0595d00954181a4cbc7cd93a509e0,watch,acceleration,acceleration-1784793166720-f9f46df8929f4a0ab0ba26721bb1b919.zip,Data/acceleration/acceleration-1784793166720-f9f46df8929f4a0ab0ba26721bb1b919.zip,2026/7/23 15:50,2026-07-23 15:50:00,100,g,119.83,"x,y,z",ok,review,obvious time gaps: 1,paired_exact_subject_id,d12_c71f3cfe4e6257,exact HNU matches one d12 record,826cb5eeecc9439a98a6aaf103be6134,d4cf9873428c45c385b0575241c093e2,1,11760,review,obvious time gaps: 1,"parse,timestamp,gap,duration,constant,NaN/Inf"
acceleration_3dd9b19b82a1e3,HNU11051,HNU11051,811b7066e3784f49a6f22364e806fcd4,watch,acceleration,acceleration-1784800077746-0c9103ae2e7c4a00b85015c0823fea75.zip,Data/acceleration/acceleration-1784800077746-0c9103ae2e7c4a00b85015c0823fea75.zip,2026/7/23 17:45,2026-07-23 17:45:00,100,g,119.708,"x,y,z",ok,review,obvious time gaps: 1,paired_exact_subject_id,d12_bcbd97e6a622b0,exact HNU matches one d12 record,8039c476ae114512bcb619f48ec5bb42,d4cf9873428c45c385b0575241c093e2,1,11700,review,obvious time gaps: 1,"parse,timestamp,gap,duration,constant,NaN/Inf"
acceleration_b960aa15f803fd,HNU11096,HNU11096,ef37efbae4d841aaa605c8305245fc98,watch,acceleration,acceleration-1785136524791-ca56815818554d8a819856c3800a09f6.zip,Data/acceleration/acceleration-1785136524791-ca56815818554d8a819856c3800a09f6.zip,2026/7/27 15:13,2026-07-27 15:13:00,100,g,119.66,"x,y,z",ok,review,obvious time gaps: 1,paired_exact_subject_id,d12_cffb230e0e9aa3,exact HNU matches one d12 record,7b3bd6f0eb7b4ce7b33f6ab65edd2b77,e9ccb37ba6514cd08242f26c737843e1,1,11680,review,obvious time gaps: 1,"parse,timestamp,gap,duration,constant,NaN/Inf"
acceleration_35aaf48fa7e6a0,HNU11092,HNU11092,7b541fb849d04e399556a504ff1b4b6f,watch,acceleration,acceleration-1785118806287-eefd037bcdb642b9ac36af66a6c0fc5a.zip,Data/acceleration/acceleration-1785118806287-eefd037bcdb642b9ac36af66a6c0fc5a.zip,2026/7/27 10:18,2026-07-27 10:18:00,100,g,117.948,"x,y,z",ok,review,timestamps not strictly increasing,paired_exact_subject_id,d12_af4ffaccfcd77f,exact HNU matches one d12 record,78280e7453004a3b9ddc2dde55accd17,e9ccb37ba6514cd08242f26c737843e1,1,11800,review,timestamps not strictly increasing,"parse,timestamp,gap,duration,constant,NaN/Inf"
acceleration_6aac482bcac8f6,HNU11056,HNU11056,9ab8872dc144454c928058ce1c63e1d6,watch,acceleration,acceleration-1784860511402-2b94b93a153943d4b2af8ca3e283c8f7.zip,Data/acceleration/acceleration-1784860511402-2b94b93a153943d4b2af8ca3e283c8f7.zip,2026/7/24 10:33,2026-07-24 10:33:00,100,g,119.646,"x,y,z",ok,review,obvious time gaps: 1,paired_exact_subject_id,d12_4f0618718eae4a,exact HNU matches one d12 record,7611768508784ce9a2aaa119703a34db,d4cf9873428c45c385b0575241c093e2,1,11720,review,obvious time gaps: 1,"parse,timestamp,gap,duration,constant,NaN/Inf"
acceleration_3d509b2dd1bd11,HNU11033,HNU11033,687688b9c43e4ccf94bf86630b132f14,watch,acceleration,acceleration-1784775308923-32cf443f28b3472398fa7d8d0184b933.zip,Data/acceleration/acceleration-1784775308923-32cf443f28b3472398fa7d8d0184b933.zip,2026/7/23 10:54,2026-07-23 10:54:00,100,g,47.002,"x,y,z",ok,review,duration 30-90 sec,paired_exact_subject_id,d12_460ad0de7a2ebf,exact HNU matches one d12 record,6c04ed0a3e844382aa6424c58b170311,d4cf9873428c45c385b0575241c093e2,1,4710,review,duration 30-90 sec,"parse,timestamp,gap,duration,constant,NaN/Inf"
acceleration_572afd2a36d178,HNU11058,HNU11058,fe10166ca6a44ee4a0e6e70dc290cd48,watch,acceleration,acceleration-1784861078554-b30374989bc248c6a2385d1e7157ca44.zip,Data/acceleration/acceleration-1784861078554-b30374989bc248c6a2385d1e7157ca44.zip,2026/7/24 10:42,2026-07-24 10:42:00,100,g,119.632,"x,y,z",ok,review,obvious time gaps: 1,paired_exact_subject_id,d12_4320ee1a2247cf,exact HNU matches one d12 record,6bf71fa18cfc485fb3feaed00762ef67,d4cf9873428c45c385b0575241c093e2,1,11810,review,obvious time gaps: 1,"parse,timestamp,gap,duration,constant,NaN/Inf"
acceleration_d3f448e35ee29f,HNU11054,HNU11054,e6c8b93b483c4dd0b18c728b5a29df2f,watch,acceleration,acceleration-1784859851026-0aa0c4aeec5b46f1bb9342c82f7df79e.zip,Data/acceleration/acceleration-1784859851026-0aa0c4aeec5b46f1bb9342c82f7df79e.zip,2026/7/24 10:22,2026-07-24 10:22:00,100,g,117.56,"x,y,z",ok,review,obvious time gaps: 1,paired_exact_subject_id,d12_3fdafd49fbef07,exact HNU matches one d12 record,6607ad6025624dc68aa05c0ded69d94b,d4cf9873428c45c385b0575241c093e2,1,11540,review,obvious time gaps: 1,"parse,timestamp,gap,duration,constant,NaN/Inf"
acceleration_e3291f73905e31,HNU11092,HNU11092,fecd7b4846b64feba7719f98f569bac7,watch,acceleration,acceleration-1785118680182-5a9ab08f05dc4cebadc05965db667b0d.zip,Data/acceleration/acceleration-1785118680182-5a9ab08f05dc4cebadc05965db667b0d.zip,2026/7/27 10:17,2026-07-27 10:17:00,100,g,11.222,"x,y,z",ok,review,duration <30 sec,paired_exact_subject_id,d12_af4ffaccfcd77f,exact HNU matches one d12 record,64b9d78bca1f47758e2167f81e9fede4,e9ccb37ba6514cd08242f26c737843e1,1,1130,review,duration <30 sec,"parse,timestamp,gap,duration,constant,NaN/Inf"
acceleration_1c8216bc696880,HNU11101,HNU11101,65726b2dffb44762b38af28e64a08e3a,watch,acceleration,acceleration-1785229084322-f87bf61dd6734e2ca7390137a0c1867b.zip,Data/acceleration/acceleration-1785229084322-f87bf61dd6734e2ca7390137a0c1867b.zip,2026/7/28 16:56,2026-07-28 16:56:00,100,g,77.943,"x,y,z",ok,review,obvious time gaps: 1; duration 30-90 sec,paired_exact_subject_id,d12_1ec9cee338b2b9,exact HNU matches one d12 record,5a73795bb24d4d6c958e5908a70bec7d,e9ccb37ba6514cd08242f26c737843e1,1,7590,review,obvious time gaps: 1; duration 30-90 sec,"parse,timestamp,gap,duration,constant,NaN/Inf"
acceleration_f740eb42466c9b,A51,A51,169dee2eb14442499473375e1e93c4d5,watch,acceleration,acceleration-1784614967240-dbcd12a5609843a5a20f55cac491a2b5.zip,Data/acceleration/acceleration-1784614967240-dbcd12a5609843a5a20f55cac491a2b5.zip,2026/7/21 14:22,2026-07-21 14:22:00,100,g,27.836,"x,y,z",ok,review,obvious time gaps: 1; duration <30 sec,review_missing_d12,,no d12 record with same HNU,48773eb75e184fdb9c1c7a25fd41dbf8,d4cf9873428c45c385b0575241c093e2,1,2620,review,obvious time gaps: 1; duration <30 sec,"parse,timestamp,gap,duration,constant,NaN/Inf"
acceleration_c77a8197ee8c50,HNU11003,HNU11003,9e0c18cedec744e59f49e75afb6d5452,watch,acceleration,acceleration-1784710339574-e47facff02a24cd38e79a43bc7be6d03.zip,Data/acceleration/acceleration-1784710339574-e47facff02a24cd38e79a43bc7be6d03.zip,2026/7/22 16:50,2026-07-22 16:50:00,100,g,119.476,"x,y,z",ok,review,obvious time gaps: 1,paired_exact_subject_id,d12_2a478d28d88149,exact HNU matches one d12 record,448fbe74ffd94b9a91a0b6b9944f4538,d4cf9873428c45c385b0575241c093e2,1,11770,review,obvious time gaps: 1,"parse,timestamp,gap,duration,constant,NaN/Inf"
acceleration_23f6497e1e44e2,HNU11076,HNU11076,449ba868e8a74ef899ae01c499086890,watch,acceleration,acceleration-1785401656693-9cd9b0a258a942998ebf3c7b4d0ef662.zip,Data/acceleration/acceleration-1785401656693-9cd9b0a258a942998ebf3c7b4d0ef662.zip,2026/7/30 16:54,2026-07-30 16:54:00,100,g,10.939,"x,y,z",ok,review,duration <30 sec,paired_exact_subject_id,d12_1812635abce179,exact HNU matches one d12 record,42c2dc8327df4e6aae459487f6155f81,e9ccb37ba6514cd08242f26c737843e1,1,1100,review,duration <30 sec,"parse,timestamp,gap,duration,constant,NaN/Inf"
acceleration_67fec94a689a48,HNU11072,HNU11072,05b8d754ba3641b08a6161f48e936a98,watch,acceleration,acceleration-1784966894945-b711a4d3c1c14a79b6b0988bd2911b70.zip,Data/acceleration/acceleration-1784966894945-b711a4d3c1c14a79b6b0988bd2911b70.zip,2026/7/25 16:06,2026-07-25 16:06:00,100,g,119.367,"x,y,z",ok,review,obvious time gaps: 1,paired_exact_subject_id,d12_197ccfbd7661de,exact HNU matches one d12 record,3ea33a8f225948fb8d402dadb0d44226,e9ccb37ba6514cd08242f26c737843e1,1,11760,review,obvious time gaps: 1,"parse,timestamp,gap,duration,constant,NaN/Inf"
acceleration_200e97113fc9a2,HNU11076,HNU11076,7cf21b5af2ff41b8b1a139f4faf11729,watch,acceleration,acceleration-1785401963965-89866a30e69b4a4f8516031b3b19ac81.zip,Data/acceleration/acceleration-1785401963965-89866a30e69b4a4f8516031b3b19ac81.zip,2026/7/30 16:57,2026-07-30 16:57:00,100,g,119.05,"x,y,z",ok,review,obvious time gaps: 1,paired_exact_subject_id,d12_1812635abce179,exact HNU matches one d12 record,36f842717005492e9f774b759832cd37,e9ccb37ba6514cd08242f26c737843e1,1,11690,review,obvious time gaps: 1,"parse,timestamp,gap,duration,constant,NaN/Inf"
acceleration_4b5e973114848c,HNU11026,HNU11026,19cece2db6db4472b32f624b5c9158bb,watch,acceleration,acceleration-1784707430662-82f8ca240fe9406b87320131ccb9464d.zip,Data/acceleration/acceleration-1784707430662-82f8ca240fe9406b87320131ccb9464d.zip,2026/7/22 16:01,2026-07-22 16:01:00,100,g,119.587,"x,y,z",ok,review,obvious time gaps: 1,paired_exact_subject_id,d12_1169122ce7bb98,exact HNU matches one d12 record,2a7ecf58bbf84accaab2170d2bec6818,d4cf9873428c45c385b0575241c093e2,1,11780,review,obvious time gaps: 1,"parse,timestamp,gap,duration,constant,NaN/Inf"
acceleration_b30b386eb2bace,HNU11063,HNU11063,bad270010fdb4f3d8a22a22906aa22e2,watch,acceleration,acceleration-1784878403693-8078d3678b954bb9a1a4b9649cac21f5.zip,Data/acceleration/acceleration-1784878403693-8078d3678b954bb9a1a4b9649cac21f5.zip,2026/7/24 15:31,2026-07-24 15:31:00,100,g,119.441,"x,y,z",ok,review,timestamps not strictly increasing; obvious time gaps: 1,paired_exact_subject_id,d12_076ea5daed5473,exact HNU matches one d12 record,2907814bc0ad45da8b28685700db1c69,d4cf9873428c45c385b0575241c093e2,1,11770,review,timestamps not strictly increasing; obvious time gaps: 1,"parse,timestamp,gap,duration,constant,NaN/Inf"
acceleration_a8d731d46a60b7,HNU11077,HNU11077,b45e0bb8459c4bf28fb126bead140831,watch,acceleration,acceleration-1784972955774-ed30095b17eb49c4a990c4eac31a5528.zip,Data/acceleration/acceleration-1784972955774-ed30095b17eb49c4a990c4eac31a5528.zip,2026/7/25 17:48,2026-07-25 17:48:00,100,g,16.978,"x,y,z",ok,review,duration <30 sec,paired_exact_subject_id,d12_beca710ccb8308,exact HNU matches one d12 record,224fab363a304dc990b2caa1de957dcc,e9ccb37ba6514cd08242f26c737843e1,1,1700,review,duration <30 sec,"parse,timestamp,gap,duration,constant,NaN/Inf"
acceleration_ea4b2c4f4a0223,HNU11013,HNU11013,59241924b8e344e388ded3b05879cfcb,watch,acceleration,acceleration-1784687018496-c9c679aa79d64134b031daca93f89e38.zip,Data/acceleration/acceleration-1784687018496-c9c679aa79d64134b031daca93f89e38.zip,2026/7/22 10:21,2026-07-22 10:21:00,100,g,120.042,"x,y,z",ok,review,obvious time gaps: 1,paired_exact_subject_id,d12_ff969feb0f32a3,exact HNU matches one d12 record,18a88d120a1443b78f2f8486372410a9,d4cf9873428c45c385b0575241c093e2,1,11790,review,obvious time gaps: 1,"parse,timestamp,gap,duration,constant,NaN/Inf"
acceleration_a32c2134baffcf,HNU11002,HNU11002,ac0ae620ac4d4e1593981bd24605a34f,watch,acceleration,acceleration-1784624223418-79e653b8a9df4adfb1daac7936226d02.zip,Data/acceleration/acceleration-1784624223418-79e653b8a9df4adfb1daac7936226d02.zip,2026/7/21 16:56,2026-07-21 16:56:00,100,g,6.599,"x,y,z",ok,review,duration <30 sec,paired_exact_subject_id,d12_0100000d4f7822,exact HNU matches one d12 record,17084929987f4b7591d0c568810c1054,d4cf9873428c45c385b0575241c093e2,1,660,review,duration <30 sec,"parse,timestamp,gap,duration,constant,NaN/Inf"
acceleration_54e959422cf0c0,test,test,b1a00685856a4483a150b7c8bea621aa,watch,acceleration,acceleration-1785402228026-c07490f1f4e34e87aa1049aadf2bf21c.zip,Data/acceleration/acceleration-1785402228026-c07490f1f4e34e87aa1049aadf2bf21c.zip,2026/7/30 17:03,2026-07-30 17:03:00,100,g,14.875,"x,y,z",ok,review,obvious time gaps: 1; duration <30 sec,review_missing_d12,,no d12 record with same HNU,13b9f516f67c41c18cfcbd76399346c5,e9ccb37ba6514cd08242f26c737843e1,1,1310,review,obvious time gaps: 1; duration <30 sec,"parse,timestamp,gap,duration,constant,NaN/Inf"
acceleration_99bdc396ca4723,HNU11018,HNU11018,4058e2edd2284dc2afb40d81f04d5178,watch,acceleration,acceleration-1784688576160-9c9803f69299416a8353055fa883628f.zip,Data/acceleration/acceleration-1784688576160-9c9803f69299416a8353055fa883628f.zip,2026/7/22 10:47,2026-07-22 10:47:00,100,g,119.565,"x,y,z",ok,review,obvious time gaps: 1,paired_exact_subject_id,d12_83317d672b265e,exact HNU matches one d12 record,104cf642d35e4a069812cb82f989d51d,d4cf9873428c45c385b0575241c093e2,1,11770,review,obvious time gaps: 1,"parse,timestamp,gap,duration,constant,NaN/Inf"
acceleration_3956d952e691ca,HNU11076,HNU11076,3b173a0cb89c465293197e46402b11b6,watch,acceleration,acceleration-1784972687182-5832ce8c4ae84e28af91d3546bea07d7.zip,Data/acceleration/acceleration-1784972687182-5832ce8c4ae84e28af91d3546bea07d7.zip,2026/7/25 17:43,2026-07-25 17:43:00,100,g,82.458,"x,y,z",ok,review,duration 30-90 sec,paired_exact_subject_id,d12_1812635abce179,exact HNU matches one d12 record,077d6dc08f274325aa013c69675cd8d7,e9ccb37ba6514cd08242f26c737843e1,1,8250,review,duration 30-90 sec,"parse,timestamp,gap,duration,constant,NaN/Inf"
acceleration_f947ef08306d4e,HNU11074,HNU11074,950babf63a6545479b0995ddb023064d,watch,acceleration,acceleration-1784969541408-a54c6d9e519f42499914993053f4e727.zip,Data/acceleration/acceleration-1784969541408-a54c6d9e519f42499914993053f4e727.zip,2026/7/25 16:50,2026-07-25 16:50:00,100,g,117.979,"x,y,z",ok,review,timestamps not strictly increasing,paired_exact_subject_id,d12_159efea54a4622,exact HNU matches one d12 record,0775d0580565462a8bd31e6742c6d825,e9ccb37ba6514cd08242f26c737843e1,1,11790,review,timestamps not strictly increasing,"parse,timestamp,gap,duration,constant,NaN/Inf"
acceleration_a166e2ddadd512,HNU11108,HNU11108,b21c6e6078d7484f910910646c38e6f9,watch,acceleration,acceleration-1787734027567-c59988cfe6c14ab493b9f45cfa41a79d.zip,Data/acceleration/acceleration-1787734027567-c59988cfe6c14ab493b9f45cfa41a79d.zip,2026/8/26 16:45,2026-08-26 16:45:00,100,g,117.934,"x,y,z",ok,review,timestamps not strictly increasing,review_missing_d12,,no d12 record with same HNU,97a8c86834474cd8997cef350ebc1e2f,e9ccb37ba6514cd08242f26c737843e1,1,11790,review,timestamps not strictly increasing,"parse,timestamp,gap,duration,constant,NaN/Inf"
acceleration_bae7546526de17,HNU11107,HNU11107,50048e862a4c41ce804c1059b49235e2,watch,acceleration,acceleration-1787646768219-cbe6f9c4de7440a1afff0f2acf4fa7f4.zip,Data/acceleration/acceleration-1787646768219-cbe6f9c4de7440a1afff0f2acf4fa7f4.zip,2026/8/25 16:30,2026-08-25 16:30:00,100,g,119.214,"x,y,z",ok,review,obvious time gaps: 1,review_missing_d12,,no d12 record with same HNU,1f3416f7a8d3459899dc249408c6a48d,e9ccb37ba6514cd08242f26c737843e1,1,11700,review,obvious time gaps: 1,"parse,timestamp,gap,duration,constant,NaN/Inf"
acceleration_25a55bef586af6,HNU11107,HNU11107,1576fba66aa043629f783b8bb9f98302,watch,acceleration,acceleration-1787645819714-bb40308323ab4b7eb69a3e21fb96d17c.zip,Data/acceleration/acceleration-1787645819714-bb40308323ab4b7eb69a3e21fb96d17c.zip,2026/8/25 16:16,2026-08-25 16:16:00,100,g,51.136,"x,y,z",ok,review,obvious time gaps: 1; duration 30-90 sec,review_missing_d12,,no d12 record with same HNU,c5879269e0534922b8f467ddd377c060,e9ccb37ba6514cd08242f26c737843e1,1,4920,review,obvious time gaps: 1; duration 30-90 sec,"parse,timestamp,gap,duration,constant,NaN/Inf"
acceleration_a5ae435130dbf1,HNU11106,HNU11106,4958cf28d87c4bd4a0dd296690c8b711,watch,acceleration,acceleration-1787644907171-f4aac74616b143269ecfff7cf86ca143.zip,Data/acceleration/acceleration-1787644907171-f4aac74616b143269ecfff7cf86ca143.zip,2026/8/25 15:59,2026-08-25 15:59:00,100,g,118.947,"x,y,z",ok,review,obvious time gaps: 1,review_missing_d12,,no d12 record with same HNU,556878681e694cbf9f6d8eda193d919d,e9ccb37ba6514cd08242f26c737843e1,1,11680,review,obvious time gaps: 1,"parse,timestamp,gap,duration,constant,NaN/Inf"
acceleration_b7804b0b5cb801,HNU11105,HNU11105,09714ff3e6814e1f9cd399f2bc02cc01,watch,acceleration,acceleration-1787644143676-6ae3ba002bac490cb8d517cca25627b6.zip,Data/acceleration/acceleration-1787644143676-6ae3ba002bac490cb8d517cca25627b6.zip,2026/8/25 15:47,2026-08-25 15:47:00,100,g,119.23,"x,y,z",ok,review,obvious time gaps: 1,review_missing_d12,,no d12 record with same HNU,4392266da806466382976e3488e43653,e9ccb37ba6514cd08242f26c737843e1,1,11710,review,obvious time gaps: 1,"parse,timestamp,gap,duration,constant,NaN/Inf"
acceleration_252274470eccb7,HNU11103,HNU11103,ad1444cd4da8435597687403cb4b6989,watch,acceleration,acceleration-1787642256622-6143c5841a304c54a69a990b43bcde6c.zip,Data/acceleration/acceleration-1787642256622-6143c5841a304c54a69a990b43bcde6c.zip,2026/8/25 15:17,2026-08-25 15:17:00,100,g,7.166,"x,y,z",ok,review,duration <30 sec,review_missing_d12,,no d12 record with same HNU,b3f2ff60fc8843a4826d68a3afdff335,e9ccb37ba6514cd08242f26c737843e1,1,720,review,duration <30 sec,"parse,timestamp,gap,duration,constant,NaN/Inf"
