pair_id,subject_id,input_type,input_record_id,target_record_id,input_path,target_path,pair_rule,pair_confidence,pair_status,input_groupid,input_externalid,input_record_time,target_record_time,input_quality_status,target_quality_status,candidate_target_count,target_reuse_type,input_lead_order,channel_mapping,split
TASK2_cc7977832a6c69,HNU11001,ecg_machine_d6,d6_7af5800d4bca9f,d12_2910fb1963099a,Data/心电图机d6/20260721-151009_HNU11001.xml,Data/心电图机d12/20260721-151353_HNU11001.xml,exact subject_id; unique d12 target,high,paired,,HNU11001,2026-07-21 15:10:09,2026-07-21 15:13:53,usable,usable,1,single_source,,,train
TASK2_f5340d4f89b895,HNU11002,ecg_machine_d6,d6_2ea2c390e9db3a,d12_0100000d4f7822,Data/心电图机d6/20260721-170217_HNU11002.xml,Data/心电图机d12/20260721-171508_HNU11002.xml,exact subject_id; unique d12 target,high,paired,,HNU11002,2026-07-21 17:02:17,2026-07-21 17:15:08,usable,usable,1,single_source,,,train
TASK2_eaa2b181026661,HNU11004,ecg_machine_d6,d6_ef98dd4662a69e,d12_6b52d28690cdb8,Data/心电图机d6/20260721-172916_HNU11004.xml,Data/心电图机d12/20260721-173503_HNU11004.xml,exact subject_id; unique d12 target,high,paired,,HNU11004,2026-07-21 17:29:16,2026-07-21 17:35:03,usable,usable,1,single_source,,,train
TASK2_978ca8c0f2f70e,HNU11005,ecg_machine_d6,d6_00427f3f5d5ed8,d12_1e5211198ea573,Data/心电图机d6/20260721-191951_HNU11005.xml,Data/心电图机d12/20260721-192448_HNU11005.xml,exact subject_id; unique d12 target,high,paired,,HNU11005,2026-07-21 19:19:51,2026-07-21 19:24:48,usable,usable,1,single_source,,,train
TASK2_d4589622530daa,HNU11006,ecg_machine_d6,d6_662d949d41ea51,d12_d12708ecccbfab,Data/心电图机d6/20260721-193830_HNU11006.xml,Data/心电图机d12/20260721-194316_HNU11006.xml,exact subject_id; unique d12 target,high,paired,,HNU11006,2026-07-21 19:38:30,2026-07-21 19:43:16,usable,usable,1,single_source,,,train
TASK2_249d14007989c3,HNU11007,ecg_machine_d6,d6_9ee40805af0fd6,d12_05cc77f8a61e6e,Data/心电图机d6/20260721-195038_HNU11007.xml,Data/心电图机d12/20260721-195432_HNU11007.xml,exact subject_id; unique d12 target,high,paired,,HNU11007,2026-07-21 19:50:38,2026-07-21 19:54:32,usable,usable,1,single_source,,,train
TASK2_e349f576c5792d,HNU11008,ecg_machine_d6,d6_45df6a87f8bbae,d12_dce8245c318ba3,Data/心电图机d6/20260721-195828_HNU11008.xml,Data/心电图机d12/20260721-200247_HNU11008.xml,exact subject_id; unique d12 target,high,paired,,HNU11008,2026-07-21 19:58:28,2026-07-21 20:02:47,usable,usable,1,single_source,,,validation
TASK2_88c61cc849d7c4,HNU11009,ecg_machine_d6,d6_84abd060eafb49,d12_e9f132a7b5350f,Data/心电图机d6/20260721-200629_HNU11009.xml,Data/心电图机d12/20260721-201001_HNU11009.xml,exact subject_id; unique d12 target,high,paired,,HNU11009,2026-07-21 20:06:29,2026-07-21 20:10:01,usable,usable,1,single_source,,,train
TASK2_6791fc0ff3ccca,HNU11010,ecg_machine_d6,d6_f371d2f66e8903,d12_be78fc5187f046,Data/心电图机d6/20260721-201356_HNU11010.xml,Data/心电图机d12/20260721-201801_HNU11010.xml,exact subject_id; unique d12 target,high,paired,,HNU11010,2026-07-21 20:13:56,2026-07-21 20:18:01,usable,usable,1,single_source,,,train
TASK2_eebd466c97a226,HNU11011,ecg_machine_d6,d6_e4b15cc8ab5e11,d12_54b59401b7c03a,Data/心电图机d6/20260722-100934_HNU11011.xml,Data/心电图机d12/20260722-101306_HNU11011.xml,exact subject_id; unique d12 target,high,paired,,HNU11011,2026-07-22 10:09:34,2026-07-22 10:13:06,usable,usable,1,single_source,,,train
TASK2_caa8d7d2980866,HNU11012,ecg_machine_d6,d6_5f7eec9e9e2eca,d12_79bb71da1f76e9,Data/心电图机d6/20260722-101816_HNU11012.xml,Data/心电图机d12/20260722-102159_HNU11012.xml,exact subject_id; unique d12 target,high,paired,,HNU11012,2026-07-22 10:18:16,2026-07-22 10:21:59,usable,usable,1,single_source,,,train
TASK2_2c63371975eb93,HNU11013,ecg_machine_d6,d6_5c87f6832b6513,d12_ff969feb0f32a3,Data/心电图机d6/20260722-102556_HNU11013.xml,Data/心电图机d12/20260722-103045_HNU11013.xml,exact subject_id; unique d12 target,high,paired,,HNU11013,2026-07-22 10:25:56,2026-07-22 10:30:45,usable,usable,1,single_source,,,train
TASK2_2539885820f6e7,HNU11014,ecg_machine_d6,d6_d980136059a9c6,d12_b9e3e1526f5aac,Data/心电图机d6/20260722-103551_HNU11014.xml,Data/心电图机d12/20260722-103913_HNU11014.xml,exact subject_id; unique d12 target,high,paired,,HNU11014,2026-07-22 10:35:51,2026-07-22 10:39:13,usable,usable,1,single_source,,,validation
TASK2_48de1fefe5cd29,HNU11015,ecg_machine_d6,d6_b10178ea85acf5,d12_41ecff1837d533,Data/心电图机d6/20260722-104246_HNU11015.xml,Data/心电图机d12/20260722-105015_HNU11015.xml,exact subject_id; unique d12 target,high,paired,,HNU11015,2026-07-22 10:42:46,2026-07-22 10:50:15,usable,usable,1,single_source,,,train
TASK2_ed7d0c8fb3200b,HNU11016,ecg_machine_d6,d6_1927a521163854,d12_5fd99b7f6a0359,Data/心电图机d6/20260722-105637_HNU11016.xml,Data/心电图机d12/20260722-110120_HNU11016.xml,exact subject_id; unique d12 target,high,paired,,HNU11016,2026-07-22 10:56:37,2026-07-22 11:01:20,usable,usable,1,single_source,,,train
TASK2_71a1738697bf57,HNU11017,ecg_machine_d6,d6_c55b0e67be96cf,d12_f6f28a6878e0ba,Data/心电图机d6/20260722-110540_HNU11017.xml,Data/心电图机d12/20260722-111054_HNU11017.xml,exact subject_id; unique d12 target,high,paired,,HNU11017,2026-07-22 11:05:40,2026-07-22 11:10:54,usable,usable,1,single_source,,,train
TASK2_f5e6ed746df346,HNU11018,ecg_machine_d6,d6_23918793f3b058,d12_83317d672b265e,Data/心电图机d6/20260722-111431_HNU11018.xml,Data/心电图机d12/20260722-111816_HNU11018.xml,exact subject_id; unique d12 target,high,paired,,HNU11018,2026-07-22 11:14:31,2026-07-22 11:18:16,usable,usable,1,single_source,,,train
TASK2_a15389d13b7828,HNU11019,ecg_machine_d6,d6_44cc315eb74363,d12_6f66e0bce170ec,Data/心电图机d6/20260722-112140_HNU11019.xml,Data/心电图机d12/20260722-112501_HNU11019.xml,exact subject_id; unique d12 target,high,paired,,HNU11019,2026-07-22 11:21:40,2026-07-22 11:25:01,usable,usable,1,single_source,,,train
TASK2_870b3386cf6368,HNU11020,ecg_machine_d6,d6_9c0b9cf6ef13d4,d12_9896b26fa933ef,Data/心电图机d6/20260722-112817_HNU11020.xml,Data/心电图机d12/20260722-113238_HNU11020.xml,exact subject_id; unique d12 target,high,paired,,HNU11020,2026-07-22 11:28:17,2026-07-22 11:32:38,usable,usable,1,single_source,,,train
TASK2_a070a98ca08a6a,HNU11021,ecg_machine_d6,d6_ec1e3323567420,d12_6972d607394654,Data/心电图机d6/20260722-115723_HNU11021.xml,Data/心电图机d12/20260722-120330_HNU11021.xml,exact subject_id; unique d12 target,high,paired,,HNU11021,2026-07-22 11:57:23,2026-07-22 12:03:30,usable,usable,1,single_source,,,train
TASK2_30e5bad40403a0,HNU11023,ecg_machine_d6,d6_2838a0b160788b,d12_79923f75fb4746,Data/心电图机d6/20260722-151454_HNU11023.xml,Data/心电图机d12/20260722-151842_HNU11023.xml,exact subject_id; unique d12 target,high,paired,,HNU11023,2026-07-22 15:14:54,2026-07-22 15:18:42,usable,usable,1,single_source,,,train
TASK2_2c074f6ea965c4,HNU11024,ecg_machine_d6,d6_50de8630629e16,d12_1f73df7f634608,Data/心电图机d6/20260722-153811_HNU11024.xml,Data/心电图机d12/20260722-154351_HNU11024.xml,exact subject_id; unique d12 target,high,paired,,HNU11024,2026-07-22 15:38:11,2026-07-22 15:43:51,usable,usable,1,single_source,,,train
TASK2_d5f36b85a7c0f3,HNU11025,ecg_machine_d6,d6_eae617857d5fb1,d12_5dffcd05ef1104,Data/心电图机d6/20260722-155737_HNU11025.xml,Data/心电图机d12/20260722-160106_HNU11025.xml,exact subject_id; unique d12 target,high,paired,,HNU11025,2026-07-22 15:57:37,2026-07-22 16:01:06,usable,usable,1,single_source,,,validation
TASK2_8d3af9bc9c8d70,HNU11026,ecg_machine_d6,d6_109e30064250e2,d12_1169122ce7bb98,Data/心电图机d6/20260722-160620_HNU11026.xml,Data/心电图机d12/20260722-160947_HNU11026.xml,exact subject_id; unique d12 target,high,paired,,HNU11026,2026-07-22 16:06:20,2026-07-22 16:09:47,usable,usable,1,single_source,,,train
TASK2_feea0de69ad665,HNU11027,ecg_machine_d6,d6_d711dddaa3678a,d12_e2f88f8aae3a9b,Data/心电图机d6/20260722-162520_HNU11027.xml,Data/心电图机d12/20260722-163219_HNU11027.xml,exact subject_id; unique d12 target,high,paired,,HNU11027,2026-07-22 16:25:20,2026-07-22 16:32:19,usable,usable,1,single_source,,,train
TASK2_885705e2ff3734,HNU11028,ecg_machine_d6,d6_be2f880286039a,d12_e923c094e4d2bf,Data/心电图机d6/20260722-163712_HNU11028.xml,Data/心电图机d12/20260722-164231_HNU11028.xml,exact subject_id; unique d12 target,high,paired,,HNU11028,2026-07-22 16:37:12,2026-07-22 16:42:31,usable,usable,1,single_source,,,train
TASK2_f7f7fe98667101,HNU11003,ecg_machine_d6,d6_c156434fe1c4b9,d12_2a478d28d88149,Data/心电图机d6/20260722-165355_HNU11003.xml,Data/心电图机d12/20260722-170253_HNU11003.xml,exact subject_id; unique d12 target,high,paired,,HNU11003,2026-07-22 16:53:55,2026-07-22 17:02:53,usable,usable,1,single_source,,,train
TASK2_b11b2fe747c076,HNU11029,ecg_machine_d6,d6_ea2d415b02cdf6,d12_9a90f2bbf90338,Data/心电图机d6/20260722-171725_HNU11029.xml,Data/心电图机d12/20260722-172042_HNU11029.xml,exact subject_id; unique d12 target,high,paired,,HNU11029,2026-07-22 17:17:25,2026-07-22 17:20:42,usable,usable,1,single_source,,,validation
TASK2_f93f67ba41209f,HNU11022,ecg_machine_d6,d6_410a6e20db153d,d12_73b74af6caf256,Data/心电图机d6/20260722-193000_HNU11022.xml,Data/心电图机d12/20260722-193455_HNU11022.xml,exact subject_id; unique d12 target,high,paired,,HNU11022,2026-07-22 19:30:00,2026-07-22 19:34:55,usable,usable,1,single_source,,,train
TASK2_9ebbcc38153eae,HNU11030,ecg_machine_d6,d6_3b0f4b48d18481,d12_9b3cc7e2573092,Data/心电图机d6/20260723-101230_HNU11030.xml,Data/心电图机d12/20260723-101637_HNU11030.xml,exact subject_id; unique d12 target,high,paired,,HNU11030,2026-07-23 10:12:30,2026-07-23 10:16:37,usable,usable,1,single_source,,,train
TASK2_22f279f4c27dfd,HNU11031,ecg_machine_d6,d6_6ba70b08b3e26f,d12_74c7084de676e5,Data/心电图机d6/20260723-102117_HNU11031.xml,Data/心电图机d12/20260723-102452_HNU11031.xml,exact subject_id; unique d12 target,high,paired,,HNU11031,2026-07-23 10:21:17,2026-07-23 10:24:52,usable,usable,1,single_source,,,validation
TASK2_2393b3005ace71,HNU11032,ecg_machine_d6,d6_836c6c2896f030,d12_d462736bb9ae39,Data/心电图机d6/20260723-104244_HNU11032.xml,Data/心电图机d12/20260723-104930_HNU11032.xml,exact subject_id; unique d12 target,high,paired,,HNU11032,2026-07-23 10:42:44,2026-07-23 10:49:30,usable,usable,1,single_source,,,train
TASK2_abb2fd5252f4c8,HNU11033,ecg_machine_d6,d6_8ca29ab6e1a946,d12_460ad0de7a2ebf,Data/心电图机d6/20260723-110000_HNU11033.xml,Data/心电图机d12/20260723-110410_HNU11033.xml,exact subject_id; unique d12 target,high,paired,,HNU11033,2026-07-23 11:00:00,2026-07-23 11:04:10,usable,usable,1,single_source,,,train
TASK2_18dbeff5a0cfdb,HNU11034,ecg_machine_d6,d6_7a4126aba0f2c3,d12_6dbd2e6358a534,Data/心电图机d6/20260723-110802_HNU11034.xml,Data/心电图机d12/20260723-111330_HNU11034.xml,exact subject_id; unique d12 target,high,paired,,HNU11034,2026-07-23 11:08:02,2026-07-23 11:13:30,usable,usable,1,single_source,,,train
TASK2_cd9bab44fdb7dc,HNU11035,ecg_machine_d6,d6_9fcc7b5f2c2933,d12_493a7d4ad9f543,Data/心电图机d6/20260723-112954_HNU11035.xml,Data/心电图机d12/20260723-113410_HNU11035.xml,exact subject_id; unique d12 target,high,paired,,HNU11035,2026-07-23 11:29:54,2026-07-23 11:34:10,usable,usable,1,single_source,,,train
TASK2_62398cad5f0efa,HNU11036,ecg_machine_d6,d6_8e148e24d86b18,d12_27e00bd5675229,Data/心电图机d6/20260723-113935_HNU11036.xml,Data/心电图机d12/20260723-114347_HNU11036.xml,exact subject_id; unique d12 target,high,paired,,HNU11036,2026-07-23 11:39:35,2026-07-23 11:43:47,usable,usable,1,single_source,,,train
TASK2_149018e9d1266a,HNU11037,ecg_machine_d6,d6_b01ea9b3f1cb2a,d12_d219e0485a541a,Data/心电图机d6/20260723-114755_HNU11037.xml,Data/心电图机d12/20260723-120144_HNU11037.xml,exact subject_id; unique d12 target,high,paired,,HNU11037,2026-07-23 11:47:55,2026-07-23 12:01:44,usable,usable,1,single_source,,,train
TASK2_67f838b9ba3a8e,HNU11038,ecg_machine_d6,d6_799bf30d4142ed,d12_71c9ff8708e535,Data/心电图机d6/20260723-151138_HNU11038.xml,Data/心电图机d12/20260723-151816_HNU11038.xml,exact subject_id; unique d12 target,high,paired,,HNU11038,2026-07-23 15:11:38,2026-07-23 15:18:16,usable,usable,1,single_source,,,train
TASK2_be19f938f7940d,HNU11039,ecg_machine_d6,d6_32268cfe11ca5a,d12_7f1860e69f45b5,Data/心电图机d6/20260723-152209_HNU11039.xml,Data/心电图机d12/20260723-152611_HNU11039.xml,exact subject_id; unique d12 target,high,paired,,HNU11039,2026-07-23 15:22:09,2026-07-23 15:26:11,usable,usable,1,single_source,,,train
TASK2_c2443e1d2710b1,HNU11040,ecg_machine_d6,d6_8c603869eb59f8,d12_703999f5a3bc26,Data/心电图机d6/20260723-152947_HNU11040.xml,Data/心电图机d12/20260723-153305_HNU11040.xml,exact subject_id; unique d12 target,high,paired,,HNU11040,2026-07-23 15:29:47,2026-07-23 15:33:05,usable,usable,1,single_source,,,train
TASK2_a049b4758152d1,HNU11041,ecg_machine_d6,d6_fa56ebe6ee0443,d12_35d23ecb4dea20,Data/心电图机d6/20260723-153803_HNU11041.xml,Data/心电图机d12/20260723-154158_HNU11041.xml,exact subject_id; unique d12 target,high,paired,,HNU11041,2026-07-23 15:38:03,2026-07-23 15:41:58,usable,usable,1,single_source,,,train
TASK2_90d6a02d87ae84,HNU11042,ecg_machine_d6,d6_975b30b129f28b,d12_ee67333557b702,Data/心电图机d6/20260723-154836_HNU11042.xml,Data/心电图机d12/20260723-155413_HNU11042.xml,exact subject_id; unique d12 target,high,paired,,HNU11042,2026-07-23 15:48:36,2026-07-23 15:54:13,usable,usable,1,single_source,,,train
TASK2_9a2da7d2aeefaa,HNU11043,ecg_machine_d6,d6_2233db90322964,d12_ca2cde8608704b,Data/心电图机d6/20260723-155837_HNU11043.xml,Data/心电图机d12/20260723-160150_HNU11043.xml,exact subject_id; unique d12 target,high,paired,,HNU11043,2026-07-23 15:58:37,2026-07-23 16:01:50,usable,usable,1,single_source,,,train
TASK2_60ae58414e59e0,HNU11044,ecg_machine_d6,d6_49a9b514397277,d12_c71f3cfe4e6257,Data/心电图机d6/20260723-160520_HNU11044.xml,Data/心电图机d12/20260723-160904_HNU11044.xml,exact subject_id; unique d12 target,high,paired,,HNU11044,2026-07-23 16:05:20,2026-07-23 16:09:04,usable,usable,1,single_source,,,train
TASK2_17ad3825f859c5,HNU11045,ecg_machine_d6,d6_e67c6c505f3fbc,d12_463ed4f961ac90,Data/心电图机d6/20260723-161259_HNU11045.xml,Data/心电图机d12/20260723-161638_HNU11045.xml,exact subject_id; unique d12 target,high,paired,,HNU11045,2026-07-23 16:12:59,2026-07-23 16:16:38,usable,usable,1,single_source,,,train
TASK2_2dfc92b4b592da,HNU11046,ecg_machine_d6,d6_e8809eaa48719f,d12_d1b1e27eb482c7,Data/心电图机d6/20260723-162011_HNU11046.xml,Data/心电图机d12/20260723-162339_HNU11046.xml,exact subject_id; unique d12 target,high,paired,,HNU11046,2026-07-23 16:20:11,2026-07-23 16:23:39,usable,usable,1,single_source,,,validation
TASK2_4c52a10f6af91f,HNU11047,ecg_machine_d6,d6_ed21e03d17e9b8,d12_f6f77ba435974f,Data/心电图机d6/20260723-162731_HNU11047.xml,Data/心电图机d12/20260723-163742_HNU11047.xml,exact subject_id; unique d12 target,high,paired,,HNU11047,2026-07-23 16:27:31,2026-07-23 16:37:42,usable,usable,1,single_source,,,train
TASK2_907cec6a72f33c,HNU11048,ecg_machine_d6,d6_97a4b3d44a7584,d12_8b8cd8cfcd5d02,Data/心电图机d6/20260723-164137_HNU11048.xml,Data/心电图机d12/20260723-164543_HNU11048.xml,exact subject_id; unique d12 target,high,paired,,HNU11048,2026-07-23 16:41:37,2026-07-23 16:45:43,usable,usable,1,single_source,,,validation
TASK2_67989297de1432,HNU11049,ecg_machine_d6,d6_ebfe8553eb5d35,d12_2de2cfb0eea222,Data/心电图机d6/20260723-164935_HNU11049.xml,Data/心电图机d12/20260723-165351_HNU11049.xml,exact subject_id; unique d12 target,high,paired,,HNU11049,2026-07-23 16:49:35,2026-07-23 16:53:51,usable,usable,1,single_source,,,validation
TASK2_9ac6b189a94f42,HNU11050,ecg_machine_d6,d6_be95c542d5586d,d12_f8cef52f655b7d,Data/心电图机d6/20260723-170048_HNU11050.xml,Data/心电图机d12/20260723-170636_HNU11050.xml,exact subject_id; unique d12 target,high,paired,,HNU11050,2026-07-23 17:00:48,2026-07-23 17:06:36,usable,usable,1,single_source,,,train
TASK2_0f808d72c5597b,HNU11051,ecg_machine_d6,d6_25352860d20380,d12_bcbd97e6a622b0,Data/心电图机d6/20260723-174952_HNU11051.xml,Data/心电图机d12/20260723-175455_HNU11051.xml,exact subject_id; unique d12 target,high,paired,,HNU11051,2026-07-23 17:49:52,2026-07-23 17:54:55,usable,usable,1,single_source,,,validation
TASK2_6e8b2eb3360c06,HNU11052,ecg_machine_d6,d6_597a13b205ea14,d12_01e19f08160eda,Data/心电图机d6/20260723-175840_HNU11052.xml,Data/心电图机d12/20260723-180246_HNU11052.xml,exact subject_id; unique d12 target,high,paired,,HNU11052,2026-07-23 17:58:40,2026-07-23 18:02:46,usable,usable,1,single_source,,,train
TASK2_6dbe162dc773c4,HNU11053,ecg_machine_d6,d6_693da4e1108833,d12_b10757ed8a53eb,Data/心电图机d6/20260724-102336_HNU11053.xml,Data/心电图机d12/20260724-102753_HNU11053.xml,exact subject_id; unique d12 target,high,paired,,HNU11053,2026-07-24 10:23:36,2026-07-24 10:27:53,usable,usable,1,single_source,,,train
TASK2_0ea0ebf66f11e8,HNU11054,ecg_machine_d6,d6_a88f58175064e8,d12_3fdafd49fbef07,Data/心电图机d6/20260724-103222_HNU11054.xml,Data/心电图机d12/20260724-103607_HNU11054.xml,exact subject_id; unique d12 target,high,paired,,HNU11054,2026-07-24 10:32:22,2026-07-24 10:36:07,usable,usable,1,single_source,,,validation
TASK2_f52eccb92495ff,HNU11055,ecg_machine_d6,d6_7852735580f463,d12_31943c13b2eab6,Data/心电图机d6/20260724-103958_HNU11055.xml,Data/心电图机d12/20260724-104603_HNU11055.xml,exact subject_id; unique d12 target,high,paired,,HNU11055,2026-07-24 10:39:58,2026-07-24 10:46:03,usable,usable,1,single_source,,,validation
TASK2_541691557cfc73,HNU11056,ecg_machine_d6,d6_04a4a8634f3a04,d12_4f0618718eae4a,Data/心电图机d6/20260724-105039_HNU11056.xml,Data/心电图机d12/20260724-105757_HNU11056.xml,exact subject_id; unique d12 target,high,paired,,HNU11056,2026-07-24 10:50:39,2026-07-24 10:57:57,usable,usable,1,single_source,,,train
TASK2_6e42dc467e3606,HNU11057,ecg_machine_d6,d6_ad54defe6244cf,d12_d3ed2c2e979994,Data/心电图机d6/20260724-110317_HNU11057.xml,Data/心电图机d12/20260724-111213_HNU11057.xml,exact subject_id; unique d12 target,high,paired,,HNU11057,2026-07-24 11:03:17,2026-07-24 11:12:13,usable,usable,1,single_source,,,validation
TASK2_a6397dbeeeff7c,HNU11058,ecg_machine_d6,d6_729d89fa3f4974,d12_4320ee1a2247cf,Data/心电图机d6/20260724-111626_HNU11058.xml,Data/心电图机d12/20260724-112102_HNU11058.xml,exact subject_id; unique d12 target,high,paired,,HNU11058,2026-07-24 11:16:26,2026-07-24 11:21:02,usable,usable,1,single_source,,,train
TASK2_f80af8f5ea44f6,HNU11059,ecg_machine_d6,d6_a5e88c82530a58,d12_1c235c205c25c5,Data/心电图机d6/20260724-112502_HNU11059.xml,Data/心电图机d12/20260724-112913_HNU11059.xml,exact subject_id; unique d12 target,high,paired,,HNU11059,2026-07-24 11:25:02,2026-07-24 11:29:13,usable,usable,1,single_source,,,train
TASK2_74acdc093c9e99,HNU11060,ecg_machine_d6,d6_089e743c6e7cd9,d12_8db996d577a3eb,Data/心电图机d6/20260724-152447_HNU11060.xml,Data/心电图机d12/20260724-152907_HNU11060.xml,exact subject_id; unique d12 target,high,paired,,HNU11060,2026-07-24 15:24:47,2026-07-24 15:29:07,usable,usable,1,single_source,,,validation
TASK2_6e3b9396b4a073,HNU11061,ecg_machine_d6,d6_2a158d3c5cdc0e,d12_2955afb92d0642,Data/心电图机d6/20260724-153251_HNU11061.xml,Data/心电图机d12/20260724-153656_HNU11061.xml,exact subject_id; unique d12 target,high,paired,,HNU11061,2026-07-24 15:32:51,2026-07-24 15:36:56,usable,usable,1,single_source,,,validation
TASK2_6e333378aa70b1,HNU11063,ecg_machine_d6,d6_89db018da50751,d12_076ea5daed5473,Data/心电图机d6/20260724-154149_HNU11063.xml,Data/心电图机d12/20260724-154541_HNU11063.xml,exact subject_id; unique d12 target,high,paired,,HNU11063,2026-07-24 15:41:49,2026-07-24 15:45:41,usable,usable,1,single_source,,,train
TASK2_16b53d55c2f13f,HNU11062,ecg_machine_d6,d6_910f3c54c43a2d,d12_461a557ba84193,Data/心电图机d6/20260724-155004_HNU11062.xml,Data/心电图机d12/20260724-155617_HNU11062.xml,exact subject_id; unique d12 target,high,paired,,HNU11062,2026-07-24 15:50:04,2026-07-24 15:56:17,usable,usable,1,single_source,,,validation
TASK2_d3101cb7142b3d,HNU11064,ecg_machine_d6,d6_33a475841dcfd0,d12_1fc3b9df64cfb4,Data/心电图机d6/20260724-155953_HNU11064.xml,Data/心电图机d12/20260724-160514_HNU11064.xml,exact subject_id; unique d12 target,high,paired,,HNU11064,2026-07-24 15:59:53,2026-07-24 16:05:14,usable,usable,1,single_source,,,train
TASK2_e06c1e081a810f,HNU11065,ecg_machine_d6,d6_8c2d83abe67e1c,d12_0a5d33eea70d46,Data/心电图机d6/20260724-160914_HNU11065.xml,Data/心电图机d12/20260724-161314_HNU11065.xml,exact subject_id; unique d12 target,high,paired,,HNU11065,2026-07-24 16:09:14,2026-07-24 16:13:14,usable,usable,1,single_source,,,train
TASK2_3e9d3b0050d9dd,HNU11066,ecg_machine_d6,d6_fa548e805f00d0,d12_978f53a6bbc1a2,Data/心电图机d6/20260724-164400_HNU11066.xml,Data/心电图机d12/20260724-164944_HNU11066.xml,exact subject_id; unique d12 target,high,paired,,HNU11066,2026-07-24 16:44:00,2026-07-24 16:49:44,usable,usable,1,single_source,,,train
TASK2_edc30cc49ab86c,HNU11068,ecg_machine_d6,d6_bfec9219a38b66,d12_8a906d4da7a608,Data/心电图机d6/20260725-152012_HNU11068.xml,Data/心电图机d12/20260725-152409_HNU11068.xml,exact subject_id; unique d12 target,high,paired,,HNU11068,2026-07-25 15:20:12,2026-07-25 15:24:09,usable,usable,1,expected_cross_source_reuse,,,validation
TASK2_0aade9e4cf02a7,HNU11069,ecg_machine_d6,d6_bcbe3cf2bb10e8,d12_85fed2117c26e0,Data/心电图机d6/20260725-152738_HNU11069.xml,Data/心电图机d12/20260725-153334_HNU11069.xml,exact subject_id; unique d12 target,high,paired,,HNU11069,2026-07-25 15:27:38,2026-07-25 15:33:34,usable,usable,1,expected_cross_source_reuse,,,train
TASK2_b3ab3a148485b7,HNU11070,ecg_machine_d6,d6_fb7bde34fd1d59,d12_f1d86b19035156,Data/心电图机d6/20260725-153823_HNU11070.xml,Data/心电图机d12/20260725-154224_HNU11070.xml,exact subject_id; unique d12 target,high,paired,,HNU11070,2026-07-25 15:38:23,2026-07-25 15:42:24,usable,usable,1,expected_cross_source_reuse,,,validation
TASK2_3ac67871e4d082,HNU11071,ecg_machine_d6,d6_51f21effe0f1fb,d12_97b1bbdd984592,Data/心电图机d6/20260725-155039_HNU11071.xml,Data/心电图机d12/20260725-155524_HNU11071.xml,exact subject_id; unique d12 target,high,paired,,HNU11071,2026-07-25 15:50:39,2026-07-25 15:55:24,usable,usable,1,expected_cross_source_reuse,,,train
TASK2_53888e28b7d62c,HNU11072,ecg_machine_d6,d6_fbf089a7a63f77,d12_197ccfbd7661de,Data/心电图机d6/20260725-161013_HNU11072.xml,Data/心电图机d12/20260725-161641_HNU11072.xml,exact subject_id; unique d12 target,high,paired,,HNU11072,2026-07-25 16:10:13,2026-07-25 16:16:41,usable,usable,1,expected_cross_source_reuse,,,train
TASK2_2d6c56c8f56395,HNU11075,ecg_machine_d6,d6_2f1d95211575e5,d12_b10d007b238f24,Data/心电图机d6/20260725-165143_HNU11075.xml,Data/心电图机d12/20260725-165534_HNU11075.xml,exact subject_id; unique d12 target,high,paired,,HNU11075,2026-07-25 16:51:43,2026-07-25 16:55:34,usable,usable,1,expected_cross_source_reuse,,,train
TASK2_bd813045465798,HNU11073,ecg_machine_d6,d6_739b0b6a45be15,d12_d392187f2e2bdb,Data/心电图机d6/20260725-165913_HNU11073.xml,Data/心电图机d12/20260725-170319_HNU11073.xml,exact subject_id; unique d12 target,high,paired,,HNU11073,2026-07-25 16:59:13,2026-07-25 17:03:19,usable,usable,1,expected_cross_source_reuse,,,train
TASK2_3035f2223c2f81,HNU11074,ecg_machine_d6,d6_7109ee1b84387c,d12_159efea54a4622,Data/心电图机d6/20260725-170737_HNU11074.xml,Data/心电图机d12/20260725-171112_HNU11074.xml,exact subject_id; unique d12 target,high,paired,,HNU11074,2026-07-25 17:07:37,2026-07-25 17:11:12,usable,usable,1,expected_cross_source_reuse,,,train
TASK2_695b84d99ccde5,HNU11076,ecg_machine_d6,d6_d5aae2838256ea,d12_1812635abce179,Data/心电图机d6/20260725-174756_HNU11076.xml,Data/心电图机d12/20260725-175259_HNU11076.xml,exact subject_id; unique d12 target,high,paired,,HNU11076,2026-07-25 17:47:56,2026-07-25 17:52:59,usable,usable,1,expected_cross_source_reuse,,,validation
TASK2_f884b2602d661f,HNU11078,ecg_machine_d6,d6_94b6279de8eef9,d12_8b162c7eb65881,Data/心电图机d6/20260725-175900_HNU11078.xml,Data/心电图机d12/20260725-180439_HNU11078.xml,exact subject_id; unique d12 target,high,paired,,HNU11078,2026-07-25 17:59:00,2026-07-25 18:04:39,usable,usable,1,expected_cross_source_reuse,,,train
TASK2_f8c971e16929a3,HNU11077,ecg_machine_d6,d6_6584b92e9232fd,d12_beca710ccb8308,Data/心电图机d6/20260725-181036_HNU11077.xml,Data/心电图机d12/20260725-181447_HNU11077.xml,exact subject_id; unique d12 target,high,paired,,HNU11077,2026-07-25 18:10:36,2026-07-25 18:14:47,usable,usable,1,expected_cross_source_reuse,,,train
TASK2_53e2ae93acb3ee,HNU11079,ecg_machine_d6,d6_1d2185c26995c2,d12_add801e8c2ef5f,Data/心电图机d6/20260726-141821_HNU11079.xml,Data/心电图机d12/20260726-142159_HNU11079.xml,exact subject_id; unique d12 target,high,paired,,HNU11079,2026-07-26 14:18:21,2026-07-26 14:21:59,usable,usable,1,expected_cross_source_reuse,,,train
TASK2_32e857dec75a49,HNU11080,ecg_machine_d6,d6_bd341b6ab3b67f,d12_534a58127d2afc,Data/心电图机d6/20260726-142602_HNU11080.xml,Data/心电图机d12/20260726-142926_HNU11080.xml,exact subject_id; unique d12 target,high,paired,,HNU11080,2026-07-26 14:26:02,2026-07-26 14:29:26,usable,usable,1,expected_cross_source_reuse,,,train
TASK2_54b418822e1962,HNU11081,ecg_machine_d6,d6_ffe3d204c50942,d12_da584107d6226d,Data/心电图机d6/20260726-144613_HNU11081.xml,Data/心电图机d12/20260726-145108_HNU11081.xml,exact subject_id; unique d12 target,high,paired,,HNU11081,2026-07-26 14:46:13,2026-07-26 14:51:08,usable,usable,1,expected_cross_source_reuse,,,train
TASK2_fa28e803ece46c,HNU11082,ecg_machine_d6,d6_de5c8796f0495f,d12_12e9a19941df75,Data/心电图机d6/20260726-150845_HNU11082.xml,Data/心电图机d12/20260726-151228_HNU11082.xml,exact subject_id; unique d12 target,high,paired,,HNU11082,2026-07-26 15:08:45,2026-07-26 15:12:28,usable,usable,1,expected_cross_source_reuse,,,train
TASK2_7ffda196158d2c,HNU11083,ecg_machine_d6,d6_10830636d7a82d,d12_d5b7f6a47c40b0,Data/心电图机d6/20260726-153347_HNU11083.xml,Data/心电图机d12/20260726-153659_HNU11083.xml,exact subject_id; unique d12 target,high,paired,,HNU11083,2026-07-26 15:33:47,2026-07-26 15:36:59,usable,usable,1,expected_cross_source_reuse,,,train
TASK2_f1fe22da5a43ee,HNU11084,ecg_machine_d6,d6_de5704b422773e,d12_0b2b97044d07ae,Data/心电图机d6/20260726-154233_HNU11084.xml,Data/心电图机d12/20260726-154557_HNU11084.xml,exact subject_id; unique d12 target,high,paired,,HNU11084,2026-07-26 15:42:33,2026-07-26 15:45:57,usable,usable,1,expected_cross_source_reuse,,,validation
TASK2_8ce39a12985c45,HNU11085,ecg_machine_d6,d6_c87f814f95d7d7,d12_cc0c3b0df3aec2,Data/心电图机d6/20260726-155031_HNU11085.xml,Data/心电图机d12/20260726-155542_HNU11085.xml,exact subject_id; unique d12 target,high,paired,,HNU11085,2026-07-26 15:50:31,2026-07-26 15:55:42,usable,usable,1,expected_cross_source_reuse,,,train
TASK2_5225d442ad493b,HNU11086,ecg_machine_d6,d6_cb9f57e6ae25bd,d12_a27f81682d6d56,Data/心电图机d6/20260726-160539_HNU11086.xml,Data/心电图机d12/20260726-160906_HNU11086.xml,exact subject_id; unique d12 target,high,paired,,HNU11086,2026-07-26 16:05:39,2026-07-26 16:09:06,usable,usable,1,expected_cross_source_reuse,,,train
TASK2_b6449161ec4dbf,HNU11087,ecg_machine_d6,d6_178865d21b58cf,d12_145af1ec7842b7,Data/心电图机d6/20260726-161551_HNU11087.xml,Data/心电图机d12/20260726-161915_HNU11087.xml,exact subject_id; unique d12 target,high,paired,,HNU11087,2026-07-26 16:15:51,2026-07-26 16:19:15,usable,usable,1,expected_cross_source_reuse,,,train
TASK2_8006e5e9b51761,HNU11088,ecg_machine_d6,d6_6a48f7e327197f,d12_1eab62c2755b0d,Data/心电图机d6/20260726-163740_HNU11088.xml,Data/心电图机d12/20260726-164343_HNU11088.xml,exact subject_id; unique d12 target,high,paired,,HNU11088,2026-07-26 16:37:40,2026-07-26 16:43:43,usable,usable,1,expected_cross_source_reuse,,,train
TASK2_e01d67850a4aae,HNU11089,ecg_machine_d6,d6_1393f9a0f1a31e,d12_b61a7dac96eb72,Data/心电图机d6/20260726-164741_HNU11089.xml,Data/心电图机d12/20260726-165122_HNU11089.xml,exact subject_id; unique d12 target,high,paired,,HNU11089,2026-07-26 16:47:41,2026-07-26 16:51:22,usable,usable,1,expected_cross_source_reuse,,,train
TASK2_58729534899fe5,HNU11090,ecg_machine_d6,d6_73cd0f0292fef7,d12_0c5d2279cd0d26,Data/心电图机d6/20260726-165534_HNU11090.xml,Data/心电图机d12/20260726-165853_HNU11090.xml,exact subject_id; unique d12 target,high,paired,,HNU11090,2026-07-26 16:55:34,2026-07-26 16:58:53,usable,usable,1,expected_cross_source_reuse,,,train
TASK2_a6d9b7cfc74047,HNU11091,ecg_machine_d6,d6_d0976e64ec3117,d12_14e679ac6083ad,Data/心电图机d6/20260726-171958_HNU11091.xml,Data/心电图机d12/20260726-172412_HNU11091.xml,exact subject_id; unique d12 target,high,paired,,HNU11091,2026-07-26 17:19:58,2026-07-26 17:24:12,usable,usable,1,expected_cross_source_reuse,,,train
TASK2_840a9dc7aa835b,HNU11092,ecg_machine_d6,d6_7e8e7c21cd103d,d12_af4ffaccfcd77f,Data/心电图机d6/20260727-102539_HNU11092.xml,Data/心电图机d12/20260727-102945_HNU11092.xml,exact subject_id; unique d12 target,high,paired,,HNU11092,2026-07-27 10:25:39,2026-07-27 10:29:45,usable,usable,1,expected_cross_source_reuse,,,train
TASK2_8f730192267814,HNU11093,ecg_machine_d6,d6_bb7c6c5902235b,d12_2c571cc7a600fc,Data/心电图机d6/20260727-104321_HNU11093.xml,Data/心电图机d12/20260727-104858_HNU11093.xml,exact subject_id; unique d12 target,high,paired,,HNU11093,2026-07-27 10:43:21,2026-07-27 10:48:58,usable,usable,1,expected_cross_source_reuse,,,train
TASK2_231dc7cfe4c9e0,HNU11095,ecg_machine_d6,d6_1b84045fd49d67,d12_a8861d947ae5c3,Data/心电图机d6/20260727-151441_HNU11095.xml,Data/心电图机d12/20260727-152008_HNU11095.xml,exact subject_id; unique d12 target,high,paired,,HNU11095,2026-07-27 15:14:41,2026-07-27 15:20:08,usable,usable,1,expected_cross_source_reuse,,,train
TASK2_f779e72d826033,HNU11094,ecg_machine_d6,d6_9d8ff7eed0671c,d12_85274e7c560787,Data/心电图机d6/20260727-152601_HNU11094.xml,Data/心电图机d12/20260727-153258_HNU11094.xml,exact subject_id; unique d12 target,high,paired,,HNU11094,2026-07-27 15:26:01,2026-07-27 15:32:58,usable,usable,1,expected_cross_source_reuse,,,train
TASK2_3c883893d1eacd,HNU11096,ecg_machine_d6,d6_2796907e8d7a3a,d12_cffb230e0e9aa3,Data/心电图机d6/20260727-153821_HNU11096.xml,Data/心电图机d12/20260727-155313_HNU11096.xml,exact subject_id; unique d12 target,high,paired,,HNU11096,2026-07-27 15:38:21,2026-07-27 15:53:13,usable,usable,1,expected_cross_source_reuse,,,train
TASK2_aa2466abea17a8,HNU11097,ecg_machine_d6,d6_8a1308a92165a8,d12_ccd7eeac0e672a,Data/心电图机d6/20260727-161001_HNU11097.xml,Data/心电图机d12/20260727-161327_HNU11097.xml,exact subject_id; unique d12 target,high,paired,,HNU11097,2026-07-27 16:10:01,2026-07-27 16:13:27,usable,usable,1,expected_cross_source_reuse,,,train
TASK2_94c699dba3ab81,HNU11098,ecg_machine_d6,d6_bd67affff5ab86,d12_29a4c35841389f,Data/心电图机d6/20260727-161734_HNU11098.xml,Data/心电图机d12/20260727-162328_HNU11098.xml,exact subject_id; unique d12 target,high,paired,,HNU11098,2026-07-27 16:17:34,2026-07-27 16:23:28,usable,usable,1,expected_cross_source_reuse,,,train
TASK2_fcd6f19b0373f3,HNU11099,ecg_machine_d6,d6_56be4d1c325c85,d12_97423ca24d9abb,Data/心电图机d6/20260728-102231_HNU11099.xml,Data/心电图机d12/20260728-102619_HNU11099.xml,exact subject_id; unique d12 target,high,paired,,HNU11099,2026-07-28 10:22:31,2026-07-28 10:26:19,usable,usable,1,expected_cross_source_reuse,,,validation
TASK2_931c00b0160500,HNU11100,ecg_machine_d6,d6_99a1e571a37187,d12_e56509d8b6860d,Data/心电图机d6/20260728-150857_HNU11100.xml,Data/心电图机d12/20260728-151219_HNU11100.xml,exact subject_id; unique d12 target,high,paired,,HNU11100,2026-07-28 15:08:57,2026-07-28 15:12:19,usable,usable,1,expected_cross_source_reuse,,,train
TASK2_f23a99b5196e41,HNU11101,ecg_machine_d6,d6_fcc8e96b432395,d12_1ec9cee338b2b9,Data/心电图机d6/20260728-170535_HNU11101.xml,Data/心电图机d12/20260728-170915_HNU11101.xml,exact subject_id; unique d12 target,high,paired,,HNU11101,2026-07-28 17:05:35,2026-07-28 17:09:15,usable,usable,1,expected_cross_source_reuse,,,train
TASK2_32b8b9cf9d3d7f,HNU11069,body_scale_d6,scale_c3906a97a1152c,d12_85fed2117c26e0,Data/体脂秤d6/Export/2026-07-25-15-16-13.csv,Data/心电图机d12/20260725-153334_HNU11069.xml,exact subject_id; unique d12 target,high,paired,,HNU11069,,2026-07-25 15:33:34,usable,usable,1,expected_cross_source_reuse,"I, II, III, aVR, aVL, aVF","1->I, 2->II, 9->III, 10->aVR, 11->aVL, 12->aVF",train
TASK2_746a44ac98b16b,HNU11068,body_scale_d6,scale_d85f42e8aa0567,d12_8a906d4da7a608,Data/体脂秤d6/Export/2026-07-25-15-27-43.csv,Data/心电图机d12/20260725-152409_HNU11068.xml,exact subject_id; unique d12 target,high,paired,,HNU11068,,2026-07-25 15:24:09,usable,usable,1,expected_cross_source_reuse,"I, II, III, aVR, aVL, aVF","1->I, 2->II, 9->III, 10->aVR, 11->aVL, 12->aVF",validation
TASK2_c920626b30aa82,HNU11070,body_scale_d6,scale_cee1a76bdfe2b8,d12_f1d86b19035156,Data/体脂秤d6/Export/2026-07-25-15-45-50.csv,Data/心电图机d12/20260725-154224_HNU11070.xml,exact subject_id; unique d12 target,high,paired,,HNU11070,,2026-07-25 15:42:24,usable,usable,1,expected_cross_source_reuse,"I, II, III, aVR, aVL, aVF","1->I, 2->II, 9->III, 10->aVR, 11->aVL, 12->aVF",validation
TASK2_9ac6057f4aae53,HNU11071,body_scale_d6,scale_e12f34f10d3759,d12_97b1bbdd984592,Data/体脂秤d6/Export/2026-07-25-16-03-22.csv,Data/心电图机d12/20260725-155524_HNU11071.xml,exact subject_id; unique d12 target,high,paired,,HNU11071,,2026-07-25 15:55:24,usable,usable,1,expected_cross_source_reuse,"I, II, III, aVR, aVL, aVF","1->I, 2->II, 9->III, 10->aVR, 11->aVL, 12->aVF",train
TASK2_db88c27863b2cb,HNU11072,body_scale_d6,scale_1603e819dcf59b,d12_197ccfbd7661de,Data/体脂秤d6/Export/2026-07-25-16-21-57.csv,Data/心电图机d12/20260725-161641_HNU11072.xml,exact subject_id; unique d12 target,high,paired,,HNU11072,,2026-07-25 16:16:41,usable,usable,1,expected_cross_source_reuse,"I, II, III, aVR, aVL, aVF","1->I, 2->II, 9->III, 10->aVR, 11->aVL, 12->aVF",train
TASK2_b6d6afdc56b5a9,HNU11074,body_scale_d6,scale_5b05c56857eae4,d12_159efea54a4622,Data/体脂秤d6/Export/2026-07-25-16-44-49.csv,Data/心电图机d12/20260725-171112_HNU11074.xml,exact subject_id; unique d12 target,high,paired,,HNU11074,,2026-07-25 17:11:12,usable,usable,1,expected_cross_source_reuse,"I, II, III, aVR, aVL, aVF","1->I, 2->II, 9->III, 10->aVR, 11->aVL, 12->aVF",train
TASK2_adbc19f34ea3ee,HNU11073,body_scale_d6,scale_cd92575848b1ab,d12_d392187f2e2bdb,Data/体脂秤d6/Export/2026-07-25-16-48-19.csv,Data/心电图机d12/20260725-170319_HNU11073.xml,exact subject_id; unique d12 target,high,paired,,HNU11073,,2026-07-25 17:03:19,usable,usable,1,expected_cross_source_reuse,"I, II, III, aVR, aVL, aVF","1->I, 2->II, 9->III, 10->aVR, 11->aVL, 12->aVF",train
TASK2_4f5c6d030be773,HNU11075,body_scale_d6,scale_e28e0cc1817012,d12_b10d007b238f24,Data/体脂秤d6/Export/2026-07-25-16-59-13.csv,Data/心电图机d12/20260725-165534_HNU11075.xml,exact subject_id; unique d12 target,high,paired,,HNU11075,,2026-07-25 16:55:34,usable,usable,1,expected_cross_source_reuse,"I, II, III, aVR, aVL, aVF","1->I, 2->II, 9->III, 10->aVR, 11->aVL, 12->aVF",train
TASK2_3fc17ce5eb2f31,HNU11078,body_scale_d6,scale_6fc8f8f688ddf7,d12_8b162c7eb65881,Data/体脂秤d6/Export/2026-07-25-17-51-10.csv,Data/心电图机d12/20260725-180439_HNU11078.xml,exact subject_id; unique d12 target,high,paired,,HNU11078,,2026-07-25 18:04:39,usable,usable,1,expected_cross_source_reuse,"I, II, III, aVR, aVL, aVF","1->I, 2->II, 9->III, 10->aVR, 11->aVL, 12->aVF",train
TASK2_7cd18eeb501f06,HNU11077,body_scale_d6,scale_54cfbf389a5f12,d12_beca710ccb8308,Data/体脂秤d6/Export/2026-07-25-17-55-05.csv,Data/心电图机d12/20260725-181447_HNU11077.xml,exact subject_id; unique d12 target,high,paired,,HNU11077,,2026-07-25 18:14:47,usable,usable,1,expected_cross_source_reuse,"I, II, III, aVR, aVL, aVF","1->I, 2->II, 9->III, 10->aVR, 11->aVL, 12->aVF",train
TASK2_c47daf8b072fe2,HNU11076,body_scale_d6,scale_e80baba702a9bd,d12_1812635abce179,Data/体脂秤d6/Export/2026-07-25-17-59-14.csv,Data/心电图机d12/20260725-175259_HNU11076.xml,exact subject_id; unique d12 target,high,paired,,HNU11076,,2026-07-25 17:52:59,usable,usable,1,expected_cross_source_reuse,"I, II, III, aVR, aVL, aVF","1->I, 2->II, 9->III, 10->aVR, 11->aVL, 12->aVF",validation
TASK2_f3baee5861374c,HNU11079,body_scale_d6,scale_830ca67a4c8313,d12_add801e8c2ef5f,Data/体脂秤d6/Export/2026-07-26-14-14-17.csv,Data/心电图机d12/20260726-142159_HNU11079.xml,exact subject_id; unique d12 target,high,paired,,HNU11079,,2026-07-26 14:21:59,usable,usable,1,expected_cross_source_reuse,"I, II, III, aVR, aVL, aVF","1->I, 2->II, 9->III, 10->aVR, 11->aVL, 12->aVF",train
TASK2_3a3420f3681c78,HNU11080,body_scale_d6,scale_bafdc88da24118,d12_534a58127d2afc,Data/体脂秤d6/Export/2026-07-26-14-19-17.csv,Data/心电图机d12/20260726-142926_HNU11080.xml,exact subject_id; unique d12 target,high,paired,,HNU11080,,2026-07-26 14:29:26,usable,usable,1,expected_cross_source_reuse,"I, II, III, aVR, aVL, aVF","1->I, 2->II, 9->III, 10->aVR, 11->aVL, 12->aVF",train
TASK2_eabc7436e6ca89,HNU11081,body_scale_d6,scale_c6ce32c7aff0a3,d12_da584107d6226d,Data/体脂秤d6/Export/2026-07-26-14-54-47.csv,Data/心电图机d12/20260726-145108_HNU11081.xml,exact subject_id; unique d12 target,high,paired,,HNU11081,,2026-07-26 14:51:08,usable,usable,1,expected_cross_source_reuse,"I, II, III, aVR, aVL, aVF","1->I, 2->II, 9->III, 10->aVR, 11->aVL, 12->aVF",train
TASK2_d7cb8d6b676f45,HNU11082,body_scale_d6,scale_54536dbd1022e2,d12_12e9a19941df75,Data/体脂秤d6/Export/2026-07-26-15-01-35.csv,Data/心电图机d12/20260726-151228_HNU11082.xml,exact subject_id; unique d12 target,high,paired,,HNU11082,,2026-07-26 15:12:28,usable,usable,1,expected_cross_source_reuse,"I, II, III, aVR, aVL, aVF","1->I, 2->II, 9->III, 10->aVR, 11->aVL, 12->aVF",train
TASK2_ed5df4b8a1de7e,HNU11083,body_scale_d6,scale_80356c9a91b568,d12_d5b7f6a47c40b0,Data/体脂秤d6/Export/2026-07-26-15-26-53.csv,Data/心电图机d12/20260726-153659_HNU11083.xml,exact subject_id; unique d12 target,high,paired,,HNU11083,,2026-07-26 15:36:59,usable,usable,1,expected_cross_source_reuse,"I, II, III, aVR, aVL, aVF","1->I, 2->II, 9->III, 10->aVR, 11->aVL, 12->aVF",train
TASK2_f40610c1791d9a,HNU11084,body_scale_d6,scale_7e2752d33d4461,d12_0b2b97044d07ae,Data/体脂秤d6/Export/2026-07-26-15-38-57.csv,Data/心电图机d12/20260726-154557_HNU11084.xml,exact subject_id; unique d12 target,high,paired,,HNU11084,,2026-07-26 15:45:57,usable,usable,1,expected_cross_source_reuse,"I, II, III, aVR, aVL, aVF","1->I, 2->II, 9->III, 10->aVR, 11->aVL, 12->aVF",validation
TASK2_ac2a487dd13f7c,HNU11085,body_scale_d6,scale_3ebe8e0d0b06fa,d12_cc0c3b0df3aec2,Data/体脂秤d6/Export/2026-07-26-15-45-03.csv,Data/心电图机d12/20260726-155542_HNU11085.xml,exact subject_id; unique d12 target,high,paired,,HNU11085,,2026-07-26 15:55:42,usable,usable,1,expected_cross_source_reuse,"I, II, III, aVR, aVL, aVF","1->I, 2->II, 9->III, 10->aVR, 11->aVL, 12->aVF",train
TASK2_cae50ce7f27b82,HNU11087,body_scale_d6,scale_cafdea1798cadd,d12_145af1ec7842b7,Data/体脂秤d6/Export/2026-07-26-16-12-47.csv,Data/心电图机d12/20260726-161915_HNU11087.xml,exact subject_id; unique d12 target,high,paired,,HNU11087,,2026-07-26 16:19:15,usable,usable,1,expected_cross_source_reuse,"I, II, III, aVR, aVL, aVF","1->I, 2->II, 9->III, 10->aVR, 11->aVL, 12->aVF",train
TASK2_fa7378ac1b91c8,HNU11086,body_scale_d6,scale_1c51c1bf15cbd7,d12_a27f81682d6d56,Data/体脂秤d6/Export/2026-07-26-16-17-46.csv,Data/心电图机d12/20260726-160906_HNU11086.xml,exact subject_id; unique d12 target,high,paired,,HNU11086,,2026-07-26 16:09:06,usable,usable,1,expected_cross_source_reuse,"I, II, III, aVR, aVL, aVF","1->I, 2->II, 9->III, 10->aVR, 11->aVL, 12->aVF",train
TASK2_216e959bb3b914,HNU11089,body_scale_d6,scale_9bea331b356866,d12_b61a7dac96eb72,Data/体脂秤d6/Export/2026-07-26-16-34-42.csv,Data/心电图机d12/20260726-165122_HNU11089.xml,exact subject_id; unique d12 target,high,paired,,HNU11089,,2026-07-26 16:51:22,usable,usable,1,expected_cross_source_reuse,"I, II, III, aVR, aVL, aVF","1->I, 2->II, 9->III, 10->aVR, 11->aVL, 12->aVF",train
TASK2_187134808727f5,HNU11088,body_scale_d6,scale_4afda02e19f1be,d12_1eab62c2755b0d,Data/体脂秤d6/Export/2026-07-26-16-47-43.csv,Data/心电图机d12/20260726-164343_HNU11088.xml,exact subject_id; unique d12 target,high,paired,,HNU11088,,2026-07-26 16:43:43,usable,usable,1,expected_cross_source_reuse,"I, II, III, aVR, aVL, aVF","1->I, 2->II, 9->III, 10->aVR, 11->aVL, 12->aVF",train
TASK2_c7125179ec6c23,HNU11090,body_scale_d6,scale_0c305328178e7e,d12_0c5d2279cd0d26,Data/体脂秤d6/Export/2026-07-26-16-51-39.csv,Data/心电图机d12/20260726-165853_HNU11090.xml,exact subject_id; unique d12 target,high,paired,,HNU11090,,2026-07-26 16:58:53,usable,usable,1,expected_cross_source_reuse,"I, II, III, aVR, aVL, aVF","1->I, 2->II, 9->III, 10->aVR, 11->aVL, 12->aVF",train
TASK2_1924f28c9c1c67,HNU11091,body_scale_d6,scale_26b4ae28ecde72,d12_14e679ac6083ad,Data/体脂秤d6/Export/2026-07-26-17-28-37.csv,Data/心电图机d12/20260726-172412_HNU11091.xml,exact subject_id; unique d12 target,high,paired,,HNU11091,,2026-07-26 17:24:12,usable,usable,1,expected_cross_source_reuse,"I, II, III, aVR, aVL, aVF","1->I, 2->II, 9->III, 10->aVR, 11->aVL, 12->aVF",train
TASK2_d7046dcbf750ee,HNU11092,body_scale_d6,scale_4d89d99a694077,d12_af4ffaccfcd77f,Data/体脂秤d6/Export/2026-07-27-10-21-24.csv,Data/心电图机d12/20260727-102945_HNU11092.xml,exact subject_id; unique d12 target,high,paired,,HNU11092,,2026-07-27 10:29:45,usable,usable,1,expected_cross_source_reuse,"I, II, III, aVR, aVL, aVF","1->I, 2->II, 9->III, 10->aVR, 11->aVL, 12->aVF",train
TASK2_9e5e3836724e66,HNU11093,body_scale_d6,scale_64c5ae05f60902,d12_2c571cc7a600fc,Data/体脂秤d6/Export/2026-07-27-10-38-43.csv,Data/心电图机d12/20260727-104858_HNU11093.xml,exact subject_id; unique d12 target,high,paired,,HNU11093,,2026-07-27 10:48:58,usable,usable,1,expected_cross_source_reuse,"I, II, III, aVR, aVL, aVF","1->I, 2->II, 9->III, 10->aVR, 11->aVL, 12->aVF",train
TASK2_28f99f02f432cf,HNU11095,body_scale_d6,scale_0865164014669c,d12_a8861d947ae5c3,Data/体脂秤d6/Export/2026-07-27-15-04-47.csv,Data/心电图机d12/20260727-152008_HNU11095.xml,exact subject_id; unique d12 target,high,paired,,HNU11095,,2026-07-27 15:20:08,usable,usable,1,expected_cross_source_reuse,"I, II, III, aVR, aVL, aVF","1->I, 2->II, 9->III, 10->aVR, 11->aVL, 12->aVF",train
TASK2_617e4af7ccb692,HNU11094,body_scale_d6,scale_f3f017c920c750,d12_85274e7c560787,Data/体脂秤d6/Export/2026-07-27-15-09-26.csv,Data/心电图机d12/20260727-153258_HNU11094.xml,exact subject_id; unique d12 target,high,paired,,HNU11094,,2026-07-27 15:32:58,usable,usable,1,expected_cross_source_reuse,"I, II, III, aVR, aVL, aVF","1->I, 2->II, 9->III, 10->aVR, 11->aVL, 12->aVF",train
TASK2_eae87751c1c661,HNU11096,body_scale_d6,scale_14158621f98e37,d12_cffb230e0e9aa3,Data/体脂秤d6/Export/2026-07-27-15-17-04.csv,Data/心电图机d12/20260727-155313_HNU11096.xml,exact subject_id; unique d12 target,high,paired,,HNU11096,,2026-07-27 15:53:13,usable,usable,1,expected_cross_source_reuse,"I, II, III, aVR, aVL, aVF","1->I, 2->II, 9->III, 10->aVR, 11->aVL, 12->aVF",train
TASK2_ef848cda6e1c66,HNU11097,body_scale_d6,scale_7d320d5d38347e,d12_ccd7eeac0e672a,Data/体脂秤d6/Export/2026-07-27-16-02-22.csv,Data/心电图机d12/20260727-161327_HNU11097.xml,exact subject_id; unique d12 target,high,paired,,HNU11097,,2026-07-27 16:13:27,usable,usable,1,expected_cross_source_reuse,"I, II, III, aVR, aVL, aVF","1->I, 2->II, 9->III, 10->aVR, 11->aVL, 12->aVF",train
TASK2_c076d82c180cad,HNU11098,body_scale_d6,scale_5bc04db40fefc8,d12_29a4c35841389f,Data/体脂秤d6/Export/2026-07-27-16-27-41.csv,Data/心电图机d12/20260727-162328_HNU11098.xml,exact subject_id; unique d12 target,high,paired,,HNU11098,,2026-07-27 16:23:28,usable,usable,1,expected_cross_source_reuse,"I, II, III, aVR, aVL, aVF","1->I, 2->II, 9->III, 10->aVR, 11->aVL, 12->aVF",train
TASK2_829ec4a813bc30,HNU11099,body_scale_d6,scale_7686064c19b45b,d12_97423ca24d9abb,Data/体脂秤d6/Export/2026-07-28-10-16-59.csv,Data/心电图机d12/20260728-102619_HNU11099.xml,exact subject_id; unique d12 target,high,paired,,HNU11099,,2026-07-28 10:26:19,usable,usable,1,expected_cross_source_reuse,"I, II, III, aVR, aVL, aVF","1->I, 2->II, 9->III, 10->aVR, 11->aVL, 12->aVF",validation
TASK2_6efa42ba05a136,HNU11100,body_scale_d6,scale_7758d76ccfc6ce,d12_e56509d8b6860d,Data/体脂秤d6/Export/2026-07-28-15-02-53.csv,Data/心电图机d12/20260728-151219_HNU11100.xml,exact subject_id; unique d12 target,high,paired,,HNU11100,,2026-07-28 15:12:19,usable,usable,1,expected_cross_source_reuse,"I, II, III, aVR, aVL, aVF","1->I, 2->II, 9->III, 10->aVR, 11->aVL, 12->aVF",train
TASK2_68fc879b216250,HNU11101,body_scale_d6,scale_f99320f9bc2a2b,d12_1ec9cee338b2b9,Data/体脂秤d6/Export/2026-07-28-17-01-27.csv,Data/心电图机d12/20260728-170915_HNU11101.xml,exact subject_id; unique d12 target,high,paired,,HNU11101,,2026-07-28 17:09:15,usable,usable,1,expected_cross_source_reuse,"I, II, III, aVR, aVL, aVF","1->I, 2->II, 9->III, 10->aVR, 11->aVL, 12->aVF",train
